image_name,true_class,true_bbox,predicted_class,predicted_bbox,confidence,is_TN,is_FP,is_FN,iou,dice
V_AIRPLANE_0011_025_png.rf.1224f43106fb9462c60db7add1b26996.jpg,0.0,"(289, 247, 325, 277)",0.0,"[289, 247, 325, 277]",0.8521026372909546,False,False,False,1.0,1.0
V_AIRPLANE_0022_001_png.rf.7301f4f135876a95275860daa9d48925.jpg,0.0,"(340, 187, 390, 233)",0.0,"[340, 185, 392, 234]",0.8347263336181641,False,False,False,0.9045283018867925,0.9488448844884488
V_AIRPLANE_0022_100_png.rf.8394f6bce59a4696af0ca4d855b7cbe8.jpg,0.0,"(315, 191, 367, 242)",0.0,"[313, 189, 369, 243]",0.8465847969055176,False,False,False,0.8791068580542265,0.9344608879492601
V_AIRPLANE_0033_059_png.rf.252225cb15fcb95afd30784651d66235.jpg,0.0,"(279, 300, 351, 344)",0.0,"[279, 301, 351, 344]",0.8983619213104248,False,False,False,0.9777777777777777,0.9885057471264368
V_AIRPLANE_0033_199_png.rf.32eaad528543976672925da04a851007.jpg,0.0,"(256, 323, 330, 370)",0.0,"[253, 323, 331, 371]",0.8998823761940002,False,False,False,0.9299922500645827,0.9631680974799225
V_AIRPLANE_0044_183_png.rf.3f9c00c085bfeedc437ccb69b8258f67.jpg,0.0,"(227, 313, 255, 338)",0.0,"[226, 312, 257, 338]",0.8281415104866028,False,False,False,0.8726851851851852,0.9296148738379814
V_AIRPLANE_0044_244_png.rf.938bf35d7cceeabc851a2dac20046bcf.jpg,0.0,"(201, 308, 231, 333)",0.0,"[201, 308, 232, 334]",0.8542731404304504,False,False,False,0.9328703703703703,0.9640102827763496
V_AIRPLANE_0044_276_png.rf.e0361d603717eb7eaf6e3c5dbeebd0f8.jpg,0.0,"(188, 305, 217, 330)",0.0,"[186, 304, 219, 332]",0.8320009708404541,False,False,False,0.7910750507099391,0.8793208004851425
V_AIRPLANE_0055_104_png.rf.ab59c682cbffedc8cd8169acd7be4243.jpg,0.0,"(210, 28, 269, 82)",,,0.0,False,False,True,0.0,0.0
V_AIRPLANE_0055_169_png.rf.bf307b00816e21d092d28700b5c8b82e.jpg,0.0,"(220, 426, 260, 471)",,,0.0,False,False,True,0.0,0.0
V_AIRPLANE_0055_192_png.rf.d419a91beecd7c6b304aaafa68a4cf43.jpg,0.0,"(199, 419, 240, 464)",,,0.0,False,False,True,0.0,0.0
V_AIRPLANE_0055_249_png.rf.dbb26d643a17df40aa6201467f3b200f.jpg,0.0,"(152, 402, 203, 457)",,,0.0,False,False,True,0.0,0.0
V_AIRPLANE_0055_274_png.rf.69d3a5029298ea74b22ed9c28129ec77.jpg,0.0,"(144, 147, 202, 220)",,,0.0,False,False,True,0.0,0.0
V_AIRPLANE_0066_189_png.rf.dbb68115e1f598d39c76b3670850ebe6.jpg,0.0,"(283, 296, 337, 351)",,,0.0,False,False,True,0.0,0.0
V_AIRPLANE_0077_011_png.rf.0ffc05f45d99267603fdad3ca37dfb24.jpg,0.0,"(428, 187, 463, 224)",,,0.0,False,False,True,0.0,0.0
V_AIRPLANE_0077_072_png.rf.88b4bc9d116d80a8a1e4899e7268af10.jpg,0.0,"(322, 196, 375, 250)",,,0.0,False,False,True,0.0,0.0
V_AIRPLANE_0077_160_png.rf.5d8e36307e52ad3ac6ae0cfa005fa18f.jpg,0.0,"(178, 211, 218, 255)",,,0.0,False,False,True,0.0,0.0
V_AIRPLANE_0088_130_png.rf.856d4f0a63eb2332729ed21b5d127279.jpg,0.0,"(243, 230, 357, 298)",0.0,"[241, 231, 359, 300]",0.8997377753257751,False,False,False,0.92599171107164,0.961117402793507
V_AIRPLANE_01010_066_png.rf.701dfebf7510436e78bd844e43be3300.jpg,0.0,"(340, 438, 378, 477)",,,0.0,False,False,True,0.0,0.0
V_AIRPLANE_01010_115_png.rf.5a7084ff0564bc16b2854be2809edb26.jpg,0.0,"(338, 430, 391, 484)",,,0.0,False,False,True,0.0,0.0
V_AIRPLANE_01010_163_png.rf.b2b8374cfcaa1cc1c58f2d47ff5e20f5.jpg,0.0,"(349, 434, 393, 477)",,,0.0,False,False,True,0.0,0.0
V_AIRPLANE_01010_300_png.rf.496f74cf88682a41626e3e2265395305.jpg,0.0,"(360, 420, 420, 485)",,,0.0,False,False,True,0.0,0.0
V_AIRPLANE_01111_040_png.rf.99a04b57210b5c8f8ff212baa384efc9.jpg,0.0,"(343, 442, 381, 471)",,,0.0,False,False,True,0.0,0.0
V_AIRPLANE_01111_237_png.rf.0595e1fad69c53712b6f9f624a3758b9.jpg,0.0,"(369, 437, 408, 466)",,,0.0,False,False,True,0.0,0.0
V_AIRPLANE_01212_095_png.rf.1f005e5bd63064d5cbb85fe928687f6d.jpg,0.0,"(396, 421, 462, 465)",0.0,"[396, 420, 463, 466]",0.853807806968689,False,False,False,0.9433667083854819,0.9702639492148346
V_AIRPLANE_01313_075_png.rf.7b44f88fdd348dbbbbf4efcd581d70e6.jpg,0.0,"(312, 357, 353, 395)",0.0,"[312, 356, 354, 395]",0.8350082635879517,False,False,False,0.9523255813953488,0.9749687108886108
V_AIRPLANE_01414_276_png.rf.b8a8f13167a57ddfb5ec647e8f221127.jpg,0.0,"(159, 197, 202, 247)",,,0.0,False,False,True,0.0,0.0
V_AIRPLANE_01515_296_png.rf.2891f953dddacfe288204aea549927e6.jpg,0.0,"(309, 330, 329, 352)",0.0,"[310, 330, 330, 350]",0.7918444871902466,False,False,False,0.8333333333333334,0.9047619047619048
V_AIRPLANE_01616_259_png.rf.58e3bbd62e4ff3ed0a5866b51a0f7f92.jpg,0.0,"(232, 393, 257, 422)",0.0,"[232, 393, 257, 423]",0.8358362317085266,False,False,False,0.967741935483871,0.9830508474576272
V_AIRPLANE_01717_098_png.rf.27882fa45c261b8b8a11a8b6ca046243.jpg,0.0,"(332, 399, 364, 425)",0.0,"[331, 398, 364, 425]",0.8404852747917175,False,False,False,0.9359243697478992,0.9657573998839234
V_AIRPLANE_01818_254_png.rf.48fa4d4f9b03dc5e744e4de0093f1507.jpg,0.0,"(440, 415, 487, 458)",0.0,"[436, 415, 483, 458]",0.8438705801963806,False,False,False,0.8461538461538461,0.9148936170212766
V_AIRPLANE_01919_055_png.rf.1c742417cefa92e553913e3b3ccc8f74.jpg,0.0,"(360, 266, 385, 296)",0.0,"[357, 266, 384, 298]",0.8140867352485657,False,False,False,0.8115183246073299,0.8921933085501859
V_AIRPLANE_01919_306_png.rf.90325b3c990d076860bfbb3bbf65a6eb.jpg,0.0,"(493, 152, 520, 183)",0.0,"[493, 152, 519, 182]",0.7889086008071899,False,False,False,0.9341517857142857,0.9647495361781077
V_AIRPLANE_02020_202_png.rf.8428a34375d76e51e6c837d91545c70a.jpg,0.0,"(120, 210, 151, 243)",0.0,"[119, 207, 154, 245]",0.8181476593017578,False,False,False,0.7749287749287749,0.8695282617934552
V_AIRPLANE_02121_120_png.rf.7734d9aa1b0b4020c05718ec7847796b.jpg,0.0,"(188, 326, 218, 356)",0.0,"[189, 325, 220, 355]",0.8058053851127625,False,False,False,0.8547008547008547,0.9191256830601093
V_AIRPLANE_02121_287_png.rf.1d12135529a77f744156993495e71ce0.jpg,0.0,"(397, 347, 422, 370)",0.0,"[399, 346, 423, 368]",0.8064114451408386,False,False,False,0.7868852459016393,0.8757932910244787
V_AIRPLANE_02121_303_png.rf.95cbf79955d5c4a81a913c5c7cb83a0e.jpg,0.0,"(415, 343, 438, 366)",0.0,"[417, 342, 442, 365]",0.8339980244636536,False,False,False,0.729106628242075,0.8369565217391305
V_AIRPLANE_02222_086_png.rf.6a484f6578f69a985ed4699528aaa094.jpg,0.0,"(400, 320, 420, 340)",0.0,"[399, 320, 419, 340]",0.8033377528190613,False,False,False,0.9090909090909091,0.95
V_AIRPLANE_02222_126_png.rf.58a8127aa838abac4ed9dbc8917f88d5.jpg,0.0,"(416, 317, 434, 338)",0.0,"[415, 318, 435, 338]",0.8061163425445557,False,False,False,0.8673913043478261,0.9254498714652957
V_AIRPLANE_02222_271_png.rf.e37e43646324f81701d52c54fce49464.jpg,0.0,"(462, 296, 483, 319)",0.0,"[462, 297, 483, 318]",0.8070013523101807,False,False,False,0.9166666666666666,0.9545454545454546
V_AIRPLANE_02323_182_png.rf.3a12ba8083105767db58474bbb391f00.jpg,0.0,"(318, 300, 359, 375)",0.0,"[314, 300, 359, 380]",0.7660821676254272,False,False,False,0.856682769726248,0.9213483146067416
V_AIRPLANE_02323_240_png.rf.b21497bc69719a31b0df70ebb1d1ac4a.jpg,0.0,"(327, 279, 370, 356)",0.0,"[323, 284, 368, 365]",0.7729495167732239,False,False,False,0.7409376510391493,0.8487636572742956
V_AIRPLANE_02424_078_png.rf.b57dda817a61babbd97374d663153fc8.jpg,0.0,"(208, 323, 263, 388)",0.0,"[205, 323, 263, 390]",0.8444597125053406,False,False,False,0.9212362911266201,0.9583165795469776
V_AIRPLANE_02424_106_png.rf.b03a26d731ef885689905855fdc7e1d2.jpg,0.0,"(218, 313, 273, 377)",0.0,"[216, 311, 273, 378]",0.8278429508209229,False,False,False,0.922920892494929,0.9592587545987191
V_AIRPLANE_02424_227_png.rf.32056f29e7157ad3ec5fde7fdf0b70fa.jpg,0.0,"(263, 263, 321, 329)",0.0,"[260, 261, 321, 330]",0.8338637948036194,False,False,False,0.9108294930875576,0.9525942515864129
V_AIRPLANE_02424_300_png.rf.a8cfb8d6556d0024b49b6f4ac0a3c533.jpg,0.0,"(288, 229, 352, 300)",0.0,"[292, 229, 351, 299]",0.8376647233963013,False,False,False,0.9102564102564102,0.9522711551763892
V_AIRPLANE_02424_325_png.rf.3e52f9667fba0232c50624c7d440a626.jpg,0.0,"(297, 217, 363, 290)",0.0,"[299, 219, 361, 289]",0.8427683115005493,False,False,False,0.9021782977006858,0.9478051976414065
V_AIRPLANE_02525_115_png.rf.0fef56a8e47c5dff06c56ef00badeeb9.jpg,0.0,"(217, 341, 286, 386)",0.0,"[214, 342, 286, 387]",0.8372705578804016,False,False,False,0.9189031505250875,0.9569739952718677
V_AIRPLANE_02626_299_png.rf.85b0acc77e3615fc3d152b825632481b.jpg,0.0,"(429, 287, 513, 337)",0.0,"[423, 288, 514, 338]",0.8503695130348206,False,False,False,0.8896797153024911,0.9408
V_AIRPLANE_02727_193_png.rf.81b47eeda10871e77c09df1b004c99b2.jpg,0.0,"(350, 414, 440, 495)",0.0,"[346, 411, 440, 495]",0.8033427596092224,False,False,False,0.9240866873065016,0.9600948241801659
V_AIRPLANE_02727_265_png.rf.f7583d3a0cc1bbd193e854f1d59b45ba.jpg,0.0,"(387, 439, 475, 519)",0.0,"[384, 436, 473, 520]",0.8294416069984436,False,False,False,0.902073732718894,0.9479195370625517
V_AIRPLANE_02828_133_png.rf.b5795c564f6a6ef01414228327369b83.jpg,0.0,"(273, 360, 303, 392)",0.0,"[272, 359, 303, 394]",0.8046420812606812,False,False,False,0.8880208333333334,0.9388753056234719
V_AIRPLANE_02828_160_png.rf.9d592486903f9ebfff4a481987d1034f.jpg,0.0,"(269, 379, 301, 411)",0.0,"[267, 379, 299, 413]",0.7913857102394104,False,False,False,0.8378378378378378,0.9090909090909091
V_AIRPLANE_02828_198_png.rf.bf683abb7c630d3b5116575453991828.jpg,0.0,"(264, 408, 296, 439)",0.0,"[263, 404, 296, 439]",0.7934030890464783,False,False,False,0.8627450980392157,0.9240801117838845
V_AIRPLANE_02929_093_png.rf.9b2f219d2c1c46940e08b0eea78d8257.jpg,0.0,"(325, 367, 389, 442)",0.0,"[330, 367, 389, 446]",0.7912489175796509,False,False,False,0.8803088803088803,0.9354190888912377
V_AIRPLANE_03030_223_png.rf.054fa9c5d7afa9681770a7db563eab78.jpg,0.0,"(327, 312, 404, 370)",0.0,"[323, 311, 404, 371]",0.8372599482536316,False,False,False,0.9200319872051179,0.9577525198370148
V_AIRPLANE_03030_231_png.rf.16e049392d6044c1a2261c40e40692b2.jpg,0.0,"(331, 308, 409, 367)",0.0,"[327, 308, 410, 370]",0.8466931581497192,False,False,False,0.8956916099773242,0.9441936807550266
V_AIRPLANE_03131_027_png.rf.ffd5d2b249e14cff380139ae9f28e4e0.jpg,0.0,"(548, 154, 568, 180)",,,0.0,False,False,True,0.0,0.0
V_AIRPLANE_03131_173_png.rf.512cdb9b53949c35f3fb4bf6ad024351.jpg,0.0,"(341, 314, 371, 347)",,,0.0,False,False,True,0.0,0.0
V_AIRPLANE_03232_099_png.rf.d7444ac3d6e07370429cdad8cc9c2d56.jpg,0.0,"(349, 154, 376, 183)",0.0,"[349, 152, 376, 183]",0.7848173379898071,False,False,False,0.9375,0.9666666666666667
V_AIRPLANE_03232_122_png.rf.7024d8a6cbb5cb06b97081566fca8f2e.jpg,0.0,"(359, 143, 386, 173)",0.0,"[359, 142, 386, 173]",0.8023858070373535,False,False,False,0.96875,0.9836065573770492
V_AIRPLANE_03232_276_png.rf.4abc6aa1d4fa6da2160fb06b672fcd7a.jpg,0.0,"(428, 72, 455, 99)",0.0,"[428, 70, 454, 98]",0.7963882088661194,False,False,False,0.869928400954654,0.9279341111873713
V_AIRPLANE_03333_114_png.rf.d9ddb822e6ff21b1d036526d88805914.jpg,0.0,"(350, 235, 372, 266)",0.0,"[350, 236, 374, 267]",0.8103801608085632,False,False,False,0.8663426488456865,0.9256661991584852
V_AIRPLANE_03333_120_png.rf.df031baf037837256f79e25f58622c91.jpg,0.0,"(352, 238, 374, 268)",0.0,"[352, 238, 375, 268]",0.7886747717857361,False,False,False,0.9583333333333334,0.9777777777777777
V_AIRPLANE_03434_081_png.rf.687bf83fdb387cd90123d2cb2efdebce.jpg,0.0,"(457, 320, 480, 346)",0.0,"[456, 317, 479, 348]",0.8157002329826355,False,False,False,0.7811320754716982,0.8726163234172387
V_AIRPLANE_03434_165_png.rf.65f52aa781fb9ac4b3eda59909bdc0db.jpg,0.0,"(488, 341, 508, 368)",0.0,"[486, 339, 509, 370]",0.8125157356262207,False,False,False,0.765625,0.8619313647246608
V_AIRPLANE_03434_218_png.rf.49406622d6979e6a7c8b2371d643b310.jpg,0.0,"(504, 350, 528, 381)",0.0,"[504, 350, 527, 380]",0.8039541840553284,False,False,False,0.93,0.9623430962343096
V_AIRPLANE_03636_015_png.rf.d164974428def29458c2fb779a48d73c.jpg,0.0,"(297, 555, 335, 590)",0.0,"[295, 557, 339, 594]",0.8305394053459167,False,False,False,0.7416107382550335,0.847870182555781
V_AIRPLANE_03636_019_png.rf.59383ecf06ab083a3d6136bfc6de1dc5.jpg,0.0,"(297, 547, 336, 583)",0.0,"[295, 550, 340, 587]",0.8132621645927429,False,False,False,0.728051391862955,0.8387096774193549
V_AIRPLANE_03636_190_png.rf.635dcb0b7c3d686ae003578b54cbb66c.jpg,0.0,"(226, 150, 270, 191)",0.0,"[226, 151, 270, 193]",0.8209071755409241,False,False,False,0.9318181818181818,0.963855421686747
V_AIRPLANE_03636_212_png.rf.59131a6b8c37917b289c512dcfc9b6ae.jpg,0.0,"(303, 163, 325, 191)",0.0,"[301, 162, 328, 189]",0.8037590384483337,False,False,False,0.7481927710843373,0.8505576208178439
V_AIRPLANE_03737_030_png.rf.95b2d87e3cd75304bd993879b8999fa1.jpg,0.0,"(210, 242, 242, 273)",0.0,"[211, 243, 242, 274]",0.8333138227462769,False,False,False,0.9117647058823529,0.9523809523809523
V_AIRPLANE_03737_039_png.rf.2a4f218b609b5ccbf8f337a8eb0fadd4.jpg,0.0,"(225, 235, 257, 264)",0.0,"[225, 234, 254, 264]",0.8314988613128662,False,False,False,0.8823529411764706,0.9354838709677419
V_AIRPLANE_03737_119_png.rf.4226b5059f4cdc74cf867ac65b726a24.jpg,0.0,"(365, 185, 395, 216)",0.0,"[363, 186, 396, 215]",0.8261997103691101,False,False,False,0.8595194085027726,0.9220985691573926
V_AIRPLANE_03939_122_png.rf.b0a73b6bc5246c7941049ed32c79c722.jpg,0.0,"(193, 176, 423, 430)",0.0,"[189, 176, 426, 438]",0.8793522715568542,False,False,False,0.94106463878327,0.9695139153957216
V_AIRPLANE_03939_206_png.rf.fda1a8f42f040fd92ef9490d6347b6d9.jpg,0.0,"(266, 194, 389, 269)",0.0,"[263, 192, 392, 268]",0.8913703560829163,False,False,False,0.9177027827116637,0.9566451206053918
V_AIRPLANE_03939_255_png.rf.6257855f7727bd1d54a9bf337257d385.jpg,0.0,"(346, 313, 441, 383)",0.0,"[349, 315, 443, 380]",0.8987990021705627,False,False,False,0.883419689119171,0.9373040752351097
V_AIRPLANE_04040_041_png.rf.1b8ff50f323b301fc7b291f889b481cd.jpg,0.0,"(127, 195, 298, 392)",0.0,"[127, 198, 296, 391]",0.8779139518737793,False,False,False,0.968404980032887,0.9838622104247104
V_AIRPLANE_04040_094_png.rf.29c99a52a4e119280686a19ce22b6fdb.jpg,0.0,"(277, 295, 330, 362)",0.0,"[277, 293, 329, 362]",0.7941249012947083,False,False,False,0.9539438856537851,0.9760470654153243
V_AIRPLANE_04040_233_png.rf.9d559b169bca0a3d8973d340dde3a4bc.jpg,0.0,"(327, 271, 426, 338)",0.0,"[324, 269, 429, 332]",0.8777535557746887,False,False,False,0.8396533044420368,0.9116847826086957
V_AIRPLANE_04040_248_png.rf.a3ac1e6420d036e3c5787f56314504f6.jpg,0.0,"(321, 268, 428, 337)",0.0,"[323, 271, 428, 333]",0.8756944537162781,False,False,False,0.8833333333333333,0.9371625998704384
V_AIRPLANE_04040_283_png.rf.def2062e76d7ea388656ba1a3ddcee67.jpg,0.0,"(277, 165, 369, 285)",0.0,"[281, 162, 366, 287]",0.8669278621673584,False,False,False,0.8906958829067877,0.9416108931456266
V_AIRPLANE_04040_323_png.rf.9022b3cbb42b14a1a8b23108d741d100.jpg,0.0,"(279, 119, 371, 242)",0.0,"[279, 121, 367, 241]",0.8663479685783386,False,False,False,0.9338362816510579,0.9654415798134942
V_AIRPLANE_04141_166_png.rf.af99624bf56cc515e5c816711ca659c1.jpg,0.0,"(262, 275, 378, 340)",0.0,"[267, 278, 371, 340]",0.8607480525970459,False,False,False,0.8566433566433567,0.9219330855018587
V_AIRPLANE_04141_274_png.rf.ca8f9a35d12606f8b35e8eef4d77790b.jpg,0.0,"(275, 242, 325, 291)",0.0,"[274, 242, 325, 291]",0.8351408243179321,False,False,False,0.9807692307692307,0.9900990099009901
V_AIRPLANE_04242_106_png.rf.cd472abde5c9414b09579857b2d7f228.jpg,0.0,"(186, 139, 370, 418)",0.0,"[183, 132, 370, 422]",0.8852677941322327,False,False,False,0.9468450683629451,0.9725858704507133
V_AIRPLANE_04242_107_png.rf.cf9cc8bf52eb450e508f3cef1bdc7f38.jpg,0.0,"(187, 139, 369, 418)",0.0,"[183, 133, 370, 422]",0.886445939540863,False,False,False,0.9398385913426266,0.9688516614037264
V_AIRPLANE_04242_142_png.rf.b9865b40cd1582fbd02c0fd776406f3b.jpg,0.0,"(152, 114, 325, 373)",0.0,"[151, 118, 326, 378]",0.9089146852493286,False,False,False,0.9552238805970149,0.9770006754736621
V_AIRPLANE_04242_224_png.rf.d6b1855e8003637e16b8061b48548dff.jpg,0.0,"(201, 100, 348, 284)",0.0,"[207, 98, 353, 284]",0.9025359749794006,False,False,False,0.9185635861393755,0.9572725260128404
V_AIRPLANE_04343_005_png.rf.84840ac506dd769ffc40cfd3c49aa17a.jpg,0.0,"(328, 211, 381, 251)",0.0,"[330, 210, 380, 250]",0.8044832944869995,False,False,False,0.9006622516556292,0.9466019417475728
V_AIRPLANE_04343_255_png.rf.44f2dabbeffacbad7deb02115e96cd10.jpg,0.0,"(314, 263, 393, 323)",0.0,"[313, 260, 394, 326]",0.8490773439407349,False,False,False,0.8882417182380778,0.9399167162403331
V_AIRPLANE_04444_158_png.rf.de4f38d4ad580327c994d7ce35dd56c5.jpg,0.0,"(353, 215, 438, 312)",0.0,"[350, 212, 441, 313]",0.8731617331504822,False,False,False,0.8981244671781756,0.9457444367974306
V_AIRPLANE_04444_162_png.rf.7790e1e937ba2063d99a70003e211bc0.jpg,0.0,"(354, 212, 440, 310)",0.0,"[350, 209, 444, 311]",0.8655563592910767,False,False,False,0.8802248339294839,0.9356127886323268
V_AIRPLANE_04444_238_png.rf.5821344a7ec873c05a6f16efcf0112a8.jpg,0.0,"(362, 199, 456, 310)",0.0,"[358, 193, 463, 313]",0.8791267275810242,False,False,False,0.8295649462030251,0.905965095076843
V_AIRPLANE_04545_001_png.rf.eee36f4b811567c10e514fe9ac79a454.jpg,0.0,"(319, 208, 345, 254)",0.0,"[318, 204, 346, 255]",0.7993115186691284,False,False,False,0.8415119363395226,0.9115853658536586
V_AIRPLANE_04545_162_png.rf.dc058df3138561ebd2389f54353df578.jpg,0.0,"(340, 93, 370, 139)",0.0,"[336, 88, 372, 145]",0.7580345869064331,False,False,False,0.678937558247903,0.8041958041958042
V_AIRPLANE_04747_112_png.rf.ac219f195d6fc0ce5a577e66238ab1b4.jpg,0.0,"(284, 241, 473, 404)",0.0,"[286, 239, 471, 405]",0.9008711576461792,False,False,False,0.9617252033545621,0.9803794073183023
V_AIRPLANE_04747_322_png.rf.75a254a5ca7f2de654d66c0e3c0696a2.jpg,0.0,"(207, 161, 478, 473)",0.0,"[205, 162, 477, 474]",0.8662567138671875,False,False,False,0.9827856752641428,0.9912877178070548
V_AIRPLANE_04848_066_png.rf.bacde9ed9f8c7044d120e548f9037607.jpg,0.0,"(216, 219, 300, 339)",0.0,"[218, 220, 302, 338]",0.8787854313850403,False,False,False,0.938610662358643,0.9679871948779512
V_AIRPLANE_04848_109_png.rf.d699ce71ed05cb9faa2804aff7787da9.jpg,0.0,"(244, 270, 334, 389)",0.0,"[245, 267, 334, 392]",0.8753959536552429,False,False,False,0.9424083769633508,0.9700938859629036
V_AIRPLANE_04848_125_png.rf.43eb811db4c77caf9fa39a907de4c210.jpg,0.0,"(244, 288, 334, 406)",0.0,"[243, 281, 333, 408]",0.8795733451843262,False,False,False,0.91017251635931,0.952562358276644
V_AIRPLANE_04848_287_png.rf.36bafa9cbcd96b4eab4d46bd8e7ea30b.jpg,0.0,"(214, 181, 278, 282)",0.0,"[212, 179, 279, 285]",0.8107458353042603,False,False,False,0.9112149532710281,0.9529706619489902
V_AIRPLANE_04848_296_png.rf.ab8db390ee724adbe5b14cd1ad5ec4d4.jpg,0.0,"(220, 160, 280, 262)",0.0,"[215, 158, 283, 260]",0.8476465940475464,False,False,False,0.8522617236132245,0.9191176470588235
V_AIRPLANE_04949_021_png.rf.6c457a8c14baeda4a61f940490063061.jpg,0.0,"(387, 273, 420, 299)",0.0,"[387, 273, 422, 303]",0.7690751552581787,False,False,False,0.8225806451612904,0.89937106918239
V_AIRPLANE_04949_167_png.rf.0be1fe97c1660e885e24192017818043.jpg,0.0,"(289, 281, 333, 319)",0.0,"[290, 281, 333, 317]",0.8431979417800903,False,False,False,0.9276353276353276,0.9614906832298137
V_AIRPLANE_05050_044_png.rf.9e95ede974d878086d1212f51114e969.jpg,0.0,"(461, 309, 488, 332)",0.0,"[456, 307, 491, 334]",0.7508424520492554,False,False,False,0.6666666666666666,0.7931034482758621
V_AIRPLANE_05050_308_png.rf.0a7997a9dec15d7355843b82bd0d4c9f.jpg,0.0,"(176, 294, 234, 328)",0.0,"[178, 293, 233, 329]",0.7997307181358337,False,False,False,0.9003215434083601,0.9463562753036437
V_AIRPLANE_05151_038_png.rf.f55ba03c1e0d322ae87d83498e8cc2c1.jpg,0.0,"(322, 314, 352, 336)",0.0,"[322, 313, 352, 337]",0.7932063937187195,False,False,False,0.92,0.9565217391304348
V_AIRPLANE_05151_247_png.rf.a238b4a14dd9655bbcffdb0df0129f29.jpg,0.0,"(293, 310, 324, 339)",0.0,"[293, 312, 323, 335]",0.8046543002128601,False,False,False,0.775,0.868470736312146
V_AIRPLANE_05252_051_png.rf.2c8a3c050695a1c3439dacb14599a564.jpg,0.0,"(147, 301, 187, 334)",0.0,"[147, 302, 189, 337]",0.8393629193305969,False,False,False,0.8514789175582127,0.9175627240143369
V_AIRPLANE_05252_085_png.rf.284d9e466e113c7b5f048f19cc3ac924.jpg,0.0,"(167, 343, 208, 377)",0.0,"[167, 344, 207, 377]",0.8253831267356873,False,False,False,0.9482993197278912,0.9727339719970524
V_AIRPLANE_05353_239_png.rf.153ff721693dd6163a73a00735fe3eb2.jpg,0.0,"(528, 450, 555, 480)",0.0,"[524, 449, 553, 482]",0.7821700572967529,False,False,False,0.744916820702403,0.8488964346349746
V_AIRPLANE_05454_229_png.rf.4b8b879f21a90f56b81659519217d54e.jpg,0.0,"(475, 229, 497, 258)",0.0,"[473, 227, 497, 259]",0.8108765482902527,False,False,False,0.8363636363636363,0.9075391180654339
V_AIRPLANE_05454_258_png.rf.93c7ea9efd2a3236287ebd4a230cd114.jpg,0.0,"(491, 219, 513, 250)",0.0,"[490, 219, 514, 250]",0.8035333156585693,False,False,False,0.92,0.9565217391304348
V_AIRPLANE_05555_089_png.rf.6f944d7c4783548e772ed54533e7623e.jpg,0.0,"(223, 361, 248, 394)",0.0,"[223, 360, 248, 394]",0.8154470920562744,False,False,False,0.9714285714285714,0.9850746268656716
V_AIRPLANE_05656_012_png.rf.192428c5cc087756bfdba8c13dc55ba2.jpg,0.0,"(340, 241, 367, 272)",0.0,"[341, 241, 365, 274]",0.8186695575714111,False,False,False,0.8456659619450317,0.9134438305709024
V_AIRPLANE_05656_014_png.rf.7cbc66c3fd814860e6c1d9e54b147971.jpg,0.0,"(341, 240, 367, 271)",0.0,"[341, 240, 366, 274]",0.8158004283905029,False,False,False,0.8832271762208068,0.9359903381642513
V_AIRPLANE_05656_129_png.rf.b6d07ccad28924b30d2b70747df25e62.jpg,0.0,"(388, 192, 411, 217)",0.0,"[388, 189, 411, 218]",0.7925112843513489,False,False,False,0.8666666666666667,0.9259259259259259
V_AIRPLANE_05656_212_png.rf.35e28206aede9f16efe6f486cf86b3f2.jpg,0.0,"(423, 152, 447, 176)",0.0,"[422, 151, 445, 179]",0.7970761656761169,False,False,False,0.7707774798927614,0.8655737704918033
V_AIRPLANE_05656_299_png.rf.606834108b4951c9eacb5de047532988.jpg,0.0,"(461, 107, 486, 133)",0.0,"[462, 107, 486, 133]",0.7991986274719238,False,False,False,0.9615384615384616,0.9795918367346939
V_AIRPLANE_05757_006_png.rf.ee781a7abc5a74db1c2a9db4dde1bfce.jpg,0.0,"(227, 397, 253, 430)",0.0,"[228, 396, 254, 430]",0.7948686480522156,False,False,False,0.9029622063329928,0.947187141216992
V_AIRPLANE_05757_244_png.rf.a9cd2b988678e61731ff0d0546fc1eea.jpg,0.0,"(305, 276, 334, 313)",0.0,"[308, 276, 334, 311]",0.796907901763916,False,False,False,0.8526315789473684,0.9178013111447302
V_AIRPLANE_05858_015_png.rf.7ddd4c505b07dac6ba10da7ed92ee752.jpg,0.0,"(483, 253, 509, 284)",0.0,"[482, 252, 509, 283]",0.7953637838363647,False,False,False,0.9068255687973997,0.9494826536822885
V_AIRPLANE_05858_170_png.rf.64009f91608a40081508207a70abf7be.jpg,0.0,"(277, 301, 310, 334)",0.0,"[277, 302, 302, 333]",0.8070911765098572,False,False,False,0.7197231833910035,0.8315450643776824
V_AIRPLANE_05959_026_png.rf.afebb3ca4b6b523b9d9d8291f82cd0a9.jpg,0.0,"(309, 179, 340, 216)",0.0,"[309, 178, 339, 216]",0.7689650058746338,False,False,False,0.9446672012830793,0.9707039790118058
V_AIRPLANE_05959_051_png.rf.cfdd4ab66f12946d33a49601779af91e.jpg,0.0,"(293, 167, 322, 205)",0.0,"[290, 165, 322, 204]",0.7657215595245361,False,False,False,0.8444444444444444,0.9131914893617021
V_AIRPLANE_05959_087_png.rf.d4bbc646c72c84ce7b81c85ee32a7cd5.jpg,0.0,"(263, 157, 293, 193)",0.0,"[261, 155, 291, 191]",0.8350913524627686,False,False,False,0.7935887412040656,0.8814814814814815
V_AIRPLANE_05959_286_png.rf.01fc9d89c45b62d39b2b71a4398fdee1.jpg,0.0,"(82, 71, 114, 104)",,,0.0,False,False,True,0.0,0.0
V_BIRD_00160_122_png.rf.e0d7227f6bdefffd8e5d11e4dabc420c.jpg,,,,,0.0,True,False,False,,
V_BIRD_00261_158_png.rf.92f1ae8d3a547d5146e726b62d734f3d.jpg,,,,,0.0,True,False,False,,
V_BIRD_00261_190_png.rf.40ce12c2da8e61df51d3821cce4be5e8.jpg,,,,,0.0,True,False,False,,
V_BIRD_00261_213_png.rf.6222cd5769ab729465be1d250512f7cc.jpg,,,,,0.0,True,False,False,,
V_BIRD_00362_129_png.rf.6ea4a449929a580f96c6bf579ace692d.jpg,,,,,0.0,True,False,False,,
V_BIRD_00463_016_png.rf.7532459b32c819d72a83e34b24b859cf.jpg,,,,,0.0,True,False,False,,
V_BIRD_00463_079_png.rf.6969e755012bd269e1a2862d5a0a628b.jpg,,,,,0.0,True,False,False,,
V_BIRD_00564_096_png.rf.b4838feddf8b23d23837504d81a65cd9.jpg,,,,,0.0,True,False,False,,
V_BIRD_00564_141_png.rf.171a8b66ea9bf01b24a45cbbd7dc0ea9.jpg,,,,,0.0,True,False,False,,
V_BIRD_00564_195_png.rf.e14c2cdd5a2a22662d663f951daa3725.jpg,,,,,0.0,True,False,False,,
V_BIRD_00766_130_png.rf.f433221039e0643dbe8921a737583a47.jpg,,,,,0.0,True,False,False,,
V_BIRD_00766_279_png.rf.94efd300e99649815ae85baf073ee942.jpg,,,,,0.0,True,False,False,,
V_BIRD_00867_056_png.rf.e2b765f75a6212818e04e2b78f6323e4.jpg,,,,,0.0,True,False,False,,
V_BIRD_00867_158_png.rf.6ce52254332b028a8bafb709691f9e5e.jpg,,,,,0.0,True,False,False,,
V_BIRD_00867_205_png.rf.681e08d44dfaa4ee306d0fe18c826df9.jpg,,,,,0.0,True,False,False,,
V_BIRD_00867_262_png.rf.09d6c33989ddcbfd1a1f64907269bee8.jpg,,,,,0.0,True,False,False,,
V_BIRD_00968_047_png.rf.24d01eeea0426c1ad27f24dcf54a09ad.jpg,,,,,0.0,True,False,False,,
V_BIRD_00968_053_png.rf.4a577cc17876eb004a513afc7eee4532.jpg,,,,,0.0,True,False,False,,
V_BIRD_00968_057_png.rf.6e10fcc2ae9d36459e5d362cd2b4d51a.jpg,,,,,0.0,True,False,False,,
V_BIRD_00968_058_png.rf.2c3b93ba683d0d6a012a216066d2d1ba.jpg,,,,,0.0,True,False,False,,
V_BIRD_00968_110_png.rf.c85789dafd1c9fcf1280cc2abb71e5f7.jpg,,,,,0.0,True,False,False,,
V_BIRD_00968_146_png.rf.4a7a5733110d62499be3ffeb6a76afe1.jpg,,,,,0.0,True,False,False,,
V_BIRD_00968_181_png.rf.3983b5a3085fc0be7c3a144d69eeb654.jpg,,,,,0.0,True,False,False,,
V_BIRD_00968_269_png.rf.d29bb5e2ce28ff8163061194f3bf6858.jpg,,,,,0.0,True,False,False,,
V_BIRD_01069_229_png.rf.7fcd2d0e1c32d104d877b56ad738bd29.jpg,,,,,0.0,True,False,False,,
V_BIRD_01170_088_png.rf.93a6566c42e628b57d23a7bc3b3b6418.jpg,,,,,0.0,True,False,False,,
V_BIRD_01170_129_png.rf.b5bf53b0af50bbce791afe18d3cb6528.jpg,,,,,0.0,True,False,False,,
V_BIRD_01271_082_png.rf.054d051a7f85cc571ff464d5c23b5c19.jpg,,,,,0.0,True,False,False,,
V_BIRD_01271_182_png.rf.c3660ea329e9ec7ece4ac4fd21a55727.jpg,,,,,0.0,True,False,False,,
V_BIRD_01271_191_png.rf.ab631d295c59d3b21f12f561f02f214a.jpg,,,,,0.0,True,False,False,,
V_BIRD_01271_256_png.rf.abf4842899fab3fb2264f33e6cce6005.jpg,,,,,0.0,True,False,False,,
V_BIRD_01271_307_png.rf.a3fa6c8d18679e3ac440346640480d68.jpg,,,,,0.0,True,False,False,,
V_BIRD_01271_318_png.rf.5abc36d33679b7e8e11dd10258404c94.jpg,,,,,0.0,True,False,False,,
V_BIRD_01372_020_png.rf.1ebe97ed62250fd485c3e7ecae3c817b.jpg,,,,,0.0,True,False,False,,
V_BIRD_01372_025_png.rf.d186c3f25851ea36e28698e68edf1590.jpg,,,,,0.0,True,False,False,,
V_BIRD_01473_200_png.rf.9e9ff459b25eb589d8924ea22b6646d2.jpg,,,,,0.0,True,False,False,,
V_BIRD_01574_110_png.rf.f26d89e7cc69f17bcd60870d281af7e9.jpg,,,,,0.0,True,False,False,,
V_BIRD_01574_129_png.rf.5a3e62ceef9db7225ac98dce3a2450ba.jpg,,,,,0.0,True,False,False,,
V_BIRD_01574_296_png.rf.6b8876529055855ff49017130c69636e.jpg,,,,,0.0,True,False,False,,
V_BIRD_01574_306_png.rf.6dea90e71c96ced1c5b30812655e7ffd.jpg,,,,,0.0,True,False,False,,
V_BIRD_01675_037_png.rf.3e5be55fd177c6112e8cd5d60765f2e2.jpg,,,,,0.0,True,False,False,,
V_BIRD_01675_082_png.rf.f3c37122cdcfec19d918c1c31fa47851.jpg,,,,,0.0,True,False,False,,
V_BIRD_01675_265_png.rf.85a22faf6a955c1a954cbe5e428b636f.jpg,,,,,0.0,True,False,False,,
V_BIRD_01776_196_png.rf.067543853ead1ff074fcf1bde45660d4.jpg,,,,,0.0,True,False,False,,
V_BIRD_01776_214_png.rf.cac73bd97b4c3b1b80cc6d4a77eb2627.jpg,,,,,0.0,True,False,False,,
V_BIRD_01776_236_png.rf.103b8412cec27e7fccb1b4187d39b6ea.jpg,,,,,0.0,True,False,False,,
V_BIRD_01877_042_png.rf.8f616800a643159a0e9f0bdcdef673c3.jpg,,,,,0.0,True,False,False,,
V_BIRD_01877_258_png.rf.2d1397721ba9131b8be765f249c5309c.jpg,,,,,0.0,True,False,False,,
V_BIRD_02079_035_png.rf.78ed582a766221b010c8fe5b06bb9ef3.jpg,,,,,0.0,True,False,False,,
V_BIRD_02079_268_png.rf.69dd4c036a969669a389de7a46035bb8.jpg,,,,,0.0,True,False,False,,
V_BIRD_02180_032_png.rf.3528a4ce866469671630a9f433941ac1.jpg,,,,,0.0,True,False,False,,
V_BIRD_02180_108_png.rf.85209d49b4c364f0da303834da9e3bd5.jpg,,,,,0.0,True,False,False,,
V_BIRD_02180_240_png.rf.870a5d2aa0ca340367d7b17a5cdd5453.jpg,,,,,0.0,True,False,False,,
V_BIRD_02180_242_png.rf.f6e8091d5d89494c8eb7277966343b2f.jpg,,,,,0.0,True,False,False,,
V_BIRD_02281_145_png.rf.3573bdaaa1e6e7c0e5c28bc769ab36de.jpg,,,,,0.0,True,False,False,,
V_BIRD_02281_241_png.rf.4c78e9eb8b4d147c199f9fed98411ebb.jpg,,,,,0.0,True,False,False,,
V_BIRD_02382_049_png.rf.8b6e954bfcd0d2b0825125d9f21bc1c4.jpg,,,,,0.0,True,False,False,,
V_BIRD_02786_132_png.rf.880054c10eede6867079b40148a3fbc9.jpg,,,,,0.0,True,False,False,,
V_BIRD_02887_305_png.rf.204b3b59dcc8cd64de09ad4c27f45a20.jpg,,,,,0.0,True,False,False,,
V_BIRD_02988_015_png.rf.8e6b2b0eb91a4c517fd6fd8708641f0b.jpg,,,,,0.0,True,False,False,,
V_BIRD_02988_286_png.rf.64688a282c8c39cfc756b9fa00f36d9f.jpg,,,,,0.0,True,False,False,,
V_BIRD_03089_084_png.rf.91b589d8b83cce480849e671c346e1ce.jpg,,,,,0.0,True,False,False,,
V_BIRD_03089_132_png.rf.dd34d225817957fa1b0a5ce035c092e0.jpg,,,,,0.0,True,False,False,,
V_BIRD_03190_167_png.rf.e4aab2270ada0373eefc60f1e7d18aa0.jpg,,,,,0.0,True,False,False,,
V_BIRD_03291_123_png.rf.4b9264176a531963a3af7582bc415b7e.jpg,,,,,0.0,True,False,False,,
V_BIRD_03392_001_png.rf.3f7875d2e035b3fbec7fd3a02da82ea4.jpg,,,,,0.0,True,False,False,,
V_BIRD_03392_137_png.rf.025a81ab298d62131f938af8c68149d2.jpg,,,,,0.0,True,False,False,,
V_BIRD_03392_138_png.rf.5a17b0b15b56b89a8e7ed2699696496e.jpg,,,,,0.0,True,False,False,,
V_BIRD_03392_167_png.rf.d8258881ef4f0db6ed767b898750f89c.jpg,,,,,0.0,True,False,False,,
V_BIRD_03392_243_png.rf.9501b9fec0b3fae8d572d0e208d69c34.jpg,,,,,0.0,True,False,False,,
V_BIRD_03392_248_png.rf.276ff535d8e9f0744385067d1fbd7958.jpg,,,,,0.0,True,False,False,,
V_BIRD_03493_038_png.rf.029d818a3a4bf5405770954e7a3b9558.jpg,,,,,0.0,True,False,False,,
V_BIRD_03594_117_png.rf.a23ca53c443a77d100c095a167b55c41.jpg,,,,,0.0,True,False,False,,
V_BIRD_03594_154_png.rf.219538b1edac7de9244bc60d79c34d77.jpg,,,,,0.0,True,False,False,,
V_BIRD_03796_008_png.rf.ba64713904b0e756549325d840582ac1.jpg,,,,,0.0,True,False,False,,
V_BIRD_03796_081_png.rf.b31a6577db372f9725dcf1b29477520d.jpg,,,,,0.0,True,False,False,,
V_BIRD_03796_136_png.rf.b61e9173d05cb5ea82da94d871416b08.jpg,,,,,0.0,True,False,False,,
V_BIRD_03796_169_png.rf.1f1b8e2b44ee4cf977997de3b2dc3fea.jpg,,,,,0.0,True,False,False,,
V_BIRD_03796_281_png.rf.688b1f904b44154c911112aa8b076c82.jpg,,,,,0.0,True,False,False,,
V_BIRD_03897_118_png.rf.dfb7632744055013b008ad6b70c0515c.jpg,,,,,0.0,True,False,False,,
V_BIRD_03897_295_png.rf.1160425d06f04596138dd2efb5918416.jpg,,,,,0.0,True,False,False,,
V_BIRD_03897_310_png.rf.b4f6f5180cd5de9a6616e09ed919d7cf.jpg,,,,,0.0,True,False,False,,
V_BIRD_04099_008_png.rf.38d4ccfe35f7c4d274359c66b4badc40.jpg,,,,,0.0,True,False,False,,
V_BIRD_04099_013_png.rf.2605dab9b16425c1e512010616622a20.jpg,,,,,0.0,True,False,False,,
V_BIRD_04099_184_png.rf.72f1f71e6bb20be098949957a9ac0604.jpg,,,,,0.0,True,False,False,,
V_BIRD_04099_240_png.rf.8ce6ed5fea93024a83f9442a2ec73511.jpg,,,,,0.0,True,False,False,,
V_BIRD_04099_296_png.rf.7d76fb2f4ff2e60d36a139474edab695.jpg,,,,,0.0,True,False,False,,
V_BIRD_041100_083_png.rf.b5ad26f409f34311bffde00c2f777ca8.jpg,,,,,0.0,True,False,False,,
V_BIRD_041100_098_png.rf.28dedc4dc0c63a07269d53802c0f4742.jpg,,,,,0.0,True,False,False,,
V_BIRD_041100_208_png.rf.107e1e1b5ec4af20f07bfed1c77354d9.jpg,,,,,0.0,True,False,False,,
V_BIRD_042101_092_png.rf.eabab56f03416f3b3f07bebf78e28846.jpg,,,,,0.0,True,False,False,,
V_BIRD_042101_257_png.rf.1f8c09b7b9b5ac9229240c50dcca173d.jpg,,,,,0.0,True,False,False,,
V_BIRD_042101_268_png.rf.6a37730e4a3cf74eb5ab32342756d9fd.jpg,,,,,0.0,True,False,False,,
V_BIRD_042101_270_png.rf.ab20527aaa8a561a714baacf181b20e0.jpg,,,,,0.0,True,False,False,,
V_BIRD_042101_290_png.rf.35d20d9eff1281360fbbe40e7c2b6ec4.jpg,,,,,0.0,True,False,False,,
V_BIRD_043102_066_png.rf.b3ee9b65eb8a3acffac33442ac0e35b1.jpg,,,,,0.0,True,False,False,,
V_BIRD_043102_279_png.rf.eaa48059630e6cf6a223c972d54cdf22.jpg,,,,,0.0,True,False,False,,
V_BIRD_043102_299_png.rf.90fe88ca37c72b3dcf7db14ecfd268f8.jpg,,,,,0.0,True,False,False,,
V_BIRD_044103_012_png.rf.eb5527abcf44f89fb338f1080b169469.jpg,,,,,0.0,True,False,False,,
V_BIRD_044103_029_png.rf.c13c921cbd6ed445373f459d442d11be.jpg,,,,,0.0,True,False,False,,
V_BIRD_044103_113_png.rf.0d83bbcf31f448a558c38a6447b57b7b.jpg,,,,,0.0,True,False,False,,
V_BIRD_044103_209_png.rf.dd98eadf813b2b14a3ee09ae1f695378.jpg,,,,,0.0,True,False,False,,
V_BIRD_045104_126_png.rf.12d3317d82b5e2f1bbc95f2814fcfccf.jpg,,,,,0.0,True,False,False,,
V_BIRD_046105_267_png.rf.1b2fd7b0d5b65a93235e47fba51da39a.jpg,,,,,0.0,True,False,False,,
V_BIRD_046105_272_png.rf.2bc36349fa2a827028bed15a046d6a12.jpg,,,,,0.0,True,False,False,,
V_BIRD_046105_286_png.rf.68eb9b865f6e8b9e3007a5a7327c5c6f.jpg,,,,,0.0,True,False,False,,
V_BIRD_047106_040_png.rf.618e53bacde9fd6f8f945c771f641dd8.jpg,,,,,0.0,True,False,False,,
V_BIRD_047106_163_png.rf.ae973c6e5080132edcf587f457a40509.jpg,,,,,0.0,True,False,False,,
V_BIRD_047106_231_png.rf.0bd10bfdacefb40d8f222f88c7fc6c8a.jpg,,,,,0.0,True,False,False,,
V_BIRD_047106_280_png.rf.142f45b085b060afe4f91551897bf014.jpg,,,,,0.0,True,False,False,,
V_BIRD_048107_225_png.rf.ec399d7a8269906a8559c0f112365122.jpg,,,,,0.0,True,False,False,,
V_BIRD_048107_277_png.rf.9ac8df8205e69969992901ccc55cb136.jpg,,,0.0,"[452, 48, 489, 85]",0.7652320265769958,False,True,False,,
V_BIRD_048107_282_png.rf.c16fc27a007db0b786c536e6aa179199.jpg,,,,,0.0,True,False,False,,
V_BIRD_049108_025_png.rf.df1e54065438c486d47872b9d30a2766.jpg,,,,,0.0,True,False,False,,
V_BIRD_049108_030_png.rf.8da79af99cd12eccd2eca286fbbeb216.jpg,,,,,0.0,True,False,False,,
V_BIRD_049108_214_png.rf.aae9568cdaa854961b6aad4675e72eda.jpg,,,,,0.0,True,False,False,,
V_BIRD_050109_151_png.rf.6693fbed95ade9d1741fd242e7c28b14.jpg,,,,,0.0,True,False,False,,
V_BIRD_050109_167_png.rf.d03e276f7672b5615ec953721e7912b8.jpg,,,,,0.0,True,False,False,,
V_BIRD_050109_226_png.rf.d35d71d4c19db3936f0e58d4e066132f.jpg,,,,,0.0,True,False,False,,
V_BIRD_051110_038_png.rf.9f9bb84ac7ad1dba7f82b03332faace6.jpg,,,,,0.0,True,False,False,,
V_BIRD_051110_102_png.rf.fae078a7888c6d3923f45aa7f3a51788.jpg,,,,,0.0,True,False,False,,
V_BIRD_051110_168_png.rf.763fe968a4f49e6eeab08a323a5b094f.jpg,,,,,0.0,True,False,False,,
V_BIRD_051110_290_png.rf.a06b3a1aba4f72d2c16a8914fa693d6e.jpg,,,,,0.0,True,False,False,,
V_DRONE_002112_145_png.rf.a3c5ccb609ba7f8b0f99a74589a4b6ba.jpg,1.0,"(371, 109, 406, 148)",1.0,"[373, 109, 406, 146]",0.7654311060905457,False,False,False,0.8972222222222223,0.9443155452436195
V_DRONE_002112_179_png.rf.3c7468f177a4d808b673c1be4cad66f6.jpg,1.0,"(381, 91, 415, 129)",,,0.0,False,False,True,0.0,0.0
V_DRONE_002112_241_png.rf.d9390db9792dc749aafc270e47d34e12.jpg,1.0,"(362, 185, 396, 222)",,,0.0,False,False,True,0.0,0.0
V_DRONE_003113_048_png.rf.7ea93e80ef0aa0643130740a6ffe7488.jpg,1.0,"(361, 247, 397, 280)",1.0,"[357, 245, 400, 281]",0.7541638016700745,False,False,False,0.7727272727272727,0.868421052631579
V_DRONE_003113_121_png.rf.a4e07f8894daa0fd4cdc21dcf2fe9687.jpg,1.0,"(377, 356, 413, 389)",1.0,"[377, 357, 411, 390]",0.7671688199043274,False,False,False,0.8932714617169374,0.941991341991342
V_DRONE_003113_140_png.rf.d9fc0e722505870dc441ac58d0fb68e8.jpg,1.0,"(369, 393, 406, 427)",1.0,"[371, 394, 405, 426]",0.8408322334289551,False,False,False,0.868421052631579,0.927536231884058
V_DRONE_003113_143_png.rf.b5cf04900feee9baffbb6844cb274137.jpg,1.0,"(370, 395, 406, 429)",1.0,"[371, 396, 405, 429]",0.838660717010498,False,False,False,0.918918918918919,0.9565217391304348
V_DRONE_003113_237_png.rf.2903c91a7804e5c1da6bb0211c6886aa.jpg,1.0,"(313, 403, 349, 437)",1.0,"[311, 401, 351, 438]",0.848499059677124,False,False,False,0.831193838254172,0.9053254437869822
V_DRONE_003113_292_png.rf.16258b79825a6ba5ffa4a630587914af.jpg,1.0,"(305, 361, 341, 396)",,,0.0,False,False,True,0.0,0.0
V_DRONE_004114_168_png.rf.90f6e1083b09786232a87d7f8f307745.jpg,1.0,"(384, 346, 409, 371)",,,0.0,False,False,True,0.0,0.0
V_DRONE_004114_255_png.rf.6999e7091f1ad2dbc224c873533f812f.jpg,1.0,"(343, 164, 373, 191)",,,0.0,False,False,True,0.0,0.0
V_DRONE_005115_009_png.rf.2c9bf376a7075fa4ed8684cac917143f.jpg,1.0,"(276, 42, 319, 74)",,,0.0,False,False,True,0.0,0.0
V_DRONE_005115_294_png.rf.d9ba78099fb803c5ef1801c9ce015340.jpg,1.0,"(123, 202, 164, 242)",,,0.0,False,False,True,0.0,0.0
V_DRONE_006116_078_png.rf.3fe35a2c63bc06e4e055213a28d32d6f.jpg,1.0,"(443, 246, 479, 275)",1.0,"[442, 245, 479, 278]",0.7776252031326294,False,False,False,0.8591331269349846,0.9218543046357616
V_DRONE_006116_105_png.rf.f16c34a4d329c45b5af44845e739910b.jpg,1.0,"(352, 267, 388, 295)",1.0,"[354, 267, 387, 296]",0.7751844525337219,False,False,False,0.8906955736224029,0.9404580152671755
V_DRONE_007117_104_png.rf.c1bce6235150b9cac66295a65504b812.jpg,1.0,"(564, 519, 590, 545)",1.0,"[563, 518, 591, 545]",0.7782936096191406,False,False,False,0.8977832512315271,0.9441340782122905
V_DRONE_007117_107_png.rf.89ab6d8d5c43c549277d2e649f65b6a8.jpg,1.0,"(562, 517, 592, 547)",1.0,"[563, 518, 591, 546]",0.7843165993690491,False,False,False,0.8751300728407908,0.9311163895486936
V_DRONE_007117_284_png.rf.7104b8c4c3de51e1fe0577221373696f.jpg,1.0,"(468, 330, 500, 360)",,,0.0,False,False,True,0.0,0.0
V_DRONE_008118_230_png.rf.742be2fbc6e86e9d26ed16d5369bbdae.jpg,1.0,"(440, 370, 465, 394)",,,0.0,False,False,True,0.0,0.0
V_DRONE_008118_244_png.rf.6a3d740d4b1c5f3552048029bb6b1b7c.jpg,1.0,"(436, 362, 462, 387)",,,0.0,False,False,True,0.0,0.0
V_DRONE_008118_288_png.rf.b61038b0d7bebe817060fcda4ed4be33.jpg,1.0,"(391, 320, 424, 357)",,,0.0,False,False,True,0.0,0.0
V_DRONE_009119_029_png.rf.868f481d1d607fb8402fb833494c4985.jpg,1.0,"(375, 339, 398, 360)",,,0.0,False,False,True,0.0,0.0
V_DRONE_009119_168_png.rf.b3d98fea29040834233f79229ec03559.jpg,1.0,"(301, 218, 328, 243)",,,0.0,False,False,True,0.0,0.0
V_DRONE_010120_128_png.rf.95204391c87471ed6fb10fc5d7f3c9e9.jpg,1.0,"(417, 341, 443, 366)",,,0.0,False,False,True,0.0,0.0
V_DRONE_010120_218_png.rf.5e67a608da5b9d34d341abf5f4cb2236.jpg,1.0,"(379, 362, 405, 392)",,,0.0,False,False,True,0.0,0.0
V_DRONE_010120_252_png.rf.8622885f72f03c5208f312e451562e4a.jpg,1.0,"(359, 369, 381, 394)",,,0.0,False,False,True,0.0,0.0
V_DRONE_010120_272_png.rf.74e0b5cff39ab29adff637546c2a9f91.jpg,1.0,"(339, 373, 363, 401)",,,0.0,False,False,True,0.0,0.0
V_DRONE_010120_298_png.rf.2b66bb8a9477b55302f780edf09e9c70.jpg,1.0,"(318, 380, 337, 403)",,,0.0,False,False,True,0.0,0.0
V_DRONE_011121_051_png.rf.2362784f64a8e0fb4b3f3198b0909df0.jpg,1.0,"(295, 370, 335, 414)",,,0.0,False,False,True,0.0,0.0
V_DRONE_011121_177_png.rf.11268f00c13a93bc0f34723d8ff88bbf.jpg,1.0,"(290, 311, 320, 342)",,,0.0,False,False,True,0.0,0.0
V_DRONE_011121_220_png.rf.31127cb652e1b128763cf36515f23b6d.jpg,1.0,"(247, 306, 281, 340)",,,0.0,False,False,True,0.0,0.0
V_DRONE_011121_291_png.rf.c2cf0738bdafabacb13cbe57e0de7774.jpg,1.0,"(258, 89, 281, 113)",,,0.0,False,False,True,0.0,0.0
V_DRONE_012122_162_png.rf.70494a1c10705cc46e19dedab1a438fd.jpg,1.0,"(378, 197, 410, 227)",,,0.0,False,False,True,0.0,0.0
V_DRONE_013123_156_png.rf.502329177167ea1285e6ef91e2ebcc0f.jpg,1.0,"(473, 165, 546, 223)",,,0.0,False,False,True,0.0,0.0
V_DRONE_014124_050_png.rf.ac8f4430993dc7178b40ea29ae4cb5c4.jpg,1.0,"(209, 339, 263, 374)",1.0,"[208, 338, 262, 374]",0.7777899503707886,False,False,False,0.938676967648479,0.9676577986437142
V_DRONE_014124_137_png.rf.5ef0906c5787162de8be5b120f776549.jpg,1.0,"(352, 305, 404, 338)",1.0,"[354, 305, 401, 340]",0.7595030069351196,False,False,False,0.8598524762908325,0.9229396013091342
V_DRONE_014124_257_png.rf.235fd95ec318eec656b2c6bfb4249f1b.jpg,1.0,"(400, 363, 452, 397)",1.0,"[401, 364, 451, 398]",0.7959305644035339,False,False,False,0.9097586568730325,0.9515570934256056
V_DRONE_014124_321_png.rf.b44dc58fd65094c862460db109e2defe.jpg,1.0,"(388, 433, 441, 467)",1.0,"[395, 437, 434, 467]",0.812723696231842,False,False,False,0.656084656084656,0.7873485868102288
V_DRONE_015125_059_png.rf.cee51db703799e11427c67d9401bdcaa.jpg,1.0,"(390, 309, 429, 347)",1.0,"[389, 309, 430, 347]",0.811772882938385,False,False,False,0.9523809523809523,0.975
V_DRONE_015125_272_png.rf.92d35b84dc5ea6ebedcbb88f2b3e08b5.jpg,1.0,"(393, 123, 432, 163)",1.0,"[393, 121, 429, 161]",0.8326135277748108,False,False,False,0.8418903150525088,0.912
V_DRONE_017127_013_png.rf.0132846ce2ef9a2f4a1c29f0e0038740.jpg,1.0,"(472, 281, 515, 310)",,,0.0,False,False,True,0.0,0.0
V_DRONE_018128_264_png.rf.29ad6863e1c948dcc01a894ea62f99a1.jpg,1.0,"(473, 386, 506, 413)",,,0.0,False,False,True,0.0,0.0
V_DRONE_019129_279_png.rf.ff0652dcabccd1f035de06991b85a2b2.jpg,1.0,"(340, 125, 373, 167)",,,0.0,False,False,True,0.0,0.0
V_DRONE_021131_044_png.rf.80169603c81412ceb95368d617768fcf.jpg,1.0,"(266, 232, 339, 309)",,,0.0,False,False,True,0.0,0.0
V_DRONE_021131_125_png.rf.43cc3b21add655eb3d62ab8b7ee70028.jpg,1.0,"(365, 165, 395, 197)",,,0.0,False,False,True,0.0,0.0
V_DRONE_021131_216_png.rf.3dca2abec544e8ac56e7bf0763923230.jpg,1.0,"(275, 254, 304, 285)",,,0.0,False,False,True,0.0,0.0
V_DRONE_022132_228_png.rf.65d47621ad5bda648b79a526febacd2c.jpg,1.0,"(490, 232, 534, 267)",,,0.0,False,False,True,0.0,0.0
V_DRONE_023133_142_png.rf.d79b808be30cbd28e54c0371acc3245e.jpg,1.0,"(446, 221, 509, 273)",,,0.0,False,False,True,0.0,0.0
V_DRONE_023133_260_png.rf.f184bfddd18e6ad9acd4c2b68fbac867.jpg,1.0,"(380, 194, 435, 239)",,,0.0,False,False,True,0.0,0.0
V_DRONE_024134_169_png.rf.00ca421e3892f74b4e9d2cdbcbc82947.jpg,1.0,"(386, 50, 426, 81)",,,0.0,False,False,True,0.0,0.0
V_DRONE_024134_254_png.rf.2ab802df06f53ebeb95ed65a975d0c22.jpg,1.0,"(358, 122, 398, 154)",,,0.0,False,False,True,0.0,0.0
V_DRONE_024134_262_png.rf.6b13e67487f3f9adcee0cbdb3e94819c.jpg,1.0,"(354, 115, 394, 146)",,,0.0,False,False,True,0.0,0.0
V_DRONE_025135_117_png.rf.98372109fa018df4149fff73c27242da.jpg,1.0,"(452, 102, 529, 166)",,,0.0,False,False,True,0.0,0.0
V_DRONE_025135_196_png.rf.cd2ad8b244f5faac86ab4213062fdf2d.jpg,1.0,"(557, 276, 624, 334)",,,0.0,False,False,True,0.0,0.0
V_DRONE_026136_053_png.rf.f832a5c47ad6b172243a799249251280.jpg,1.0,"(358, 359, 387, 382)",1.0,"[358, 358, 388, 383]",0.7676624655723572,False,False,False,0.8933002481389578,0.9414255469301341
V_DRONE_026136_075_png.rf.02ab9a9df24774a1c25a6630678485f6.jpg,1.0,"(355, 364, 384, 388)",,,0.0,False,False,True,0.0,0.0
V_DRONE_028138_122_png.rf.907e874d92dde835203589650f75d1e3.jpg,1.0,"(371, 267, 411, 308)",,,0.0,False,False,True,0.0,0.0
V_DRONE_031141_318_png.rf.43eacbb3b8c0d860ba2de4a1022d6da8.jpg,1.0,"(397, 320, 422, 343)",,,0.0,False,False,True,0.0,0.0
V_DRONE_032142_259_png.rf.85f757219c6640d41f8f0a4c98255b0d.jpg,1.0,"(418, 289, 445, 323)",,,0.0,False,False,True,0.0,0.0
V_DRONE_033143_106_png.rf.353baa74d02e3039085560585f98e0b5.jpg,1.0,"(457, 277, 497, 307)",1.0,"[457, 275, 497, 307]",0.7947757244110107,False,False,False,0.9393939393939394,0.967741935483871
V_DRONE_033143_107_png.rf.dfab6159652f63f2da8d91945e48f5cf.jpg,1.0,"(459, 279, 499, 310)",1.0,"[459, 276, 500, 309]",0.8005681037902832,False,False,False,0.865214431586113,0.9255688391824142
V_DRONE_033143_287_png.rf.01aea60e1806a20c51ae36ebb1f95f15.jpg,1.0,"(393, 293, 423, 313)",,,0.0,False,False,True,0.0,0.0
V_DRONE_034144_007_png.rf.1edb50bef649c71e9ecfaa66e0455c50.jpg,1.0,"(397, 287, 440, 334)",,,0.0,False,False,True,0.0,0.0
V_DRONE_034144_057_png.rf.65997714dca4f3abe70d6cb92720a75a.jpg,1.0,"(383, 243, 424, 288)",,,0.0,False,False,True,0.0,0.0
V_DRONE_034144_068_png.rf.2fe506108afcffb7ca6ca5002b7d2f94.jpg,1.0,"(375, 233, 415, 278)",,,0.0,False,False,True,0.0,0.0
V_DRONE_034144_216_png.rf.8c16f59e96b8e03ed2be93d0730a2bf8.jpg,1.0,"(384, 311, 415, 346)",,,0.0,False,False,True,0.0,0.0
V_DRONE_036146_009_png.rf.c205d9143b02a5b1b8651b5e03568615.jpg,1.0,"(417, 283, 455, 313)",1.0,"[409, 279, 458, 316]",0.7692837715148926,False,False,False,0.6363157894736842,0.7720961733830003
V_DRONE_036146_243_png.rf.7852e3e6adbb284a9088a035bab7533b.jpg,1.0,"(413, 408, 443, 433)",1.0,"[412, 407, 439, 431]",0.7689250707626343,False,False,False,0.7552447552447552,0.8555078683834049
V_DRONE_036146_269_png.rf.c6f6f3eaaca64cf9fb598fbc839be4f8.jpg,1.0,"(411, 371, 435, 396)",,,0.0,False,False,True,0.0,0.0
V_DRONE_036146_294_png.rf.801aa14a5ba4618333a13ae707f6836c.jpg,1.0,"(401, 335, 431, 371)",,,0.0,False,False,True,0.0,0.0
V_DRONE_038148_067_png.rf.53451ad65e8f4001577ee41b7c4e4dad.jpg,1.0,"(399, 229, 425, 254)",,,0.0,False,False,True,0.0,0.0
V_DRONE_039149_039_png.rf.9ab4710ba3c39796f4fa66f884fb9d91.jpg,1.0,"(403, 325, 424, 348)",,,0.0,False,False,True,0.0,0.0
V_DRONE_039149_095_png.rf.10925ea4028d7953637ac1662d62000d.jpg,1.0,"(384, 319, 402, 337)",,,0.0,False,False,True,0.0,0.0
V_DRONE_041151_019_png.rf.3e3cae7ec2b077937ef944006ea8636f.jpg,1.0,"(385, 349, 425, 380)",,,0.0,False,False,True,0.0,0.0
V_DRONE_041151_026_png.rf.9dcac4aa4304fb18825af828d565260f.jpg,1.0,"(389, 348, 420, 373)",,,0.0,False,False,True,0.0,0.0
V_DRONE_041151_045_png.rf.4f19522547fd3e77fe9a24ae5d7dce84.jpg,1.0,"(383, 333, 420, 363)",,,0.0,False,False,True,0.0,0.0
V_DRONE_041151_059_png.rf.8e52e05e765ef3466595d9229c9f0ea9.jpg,1.0,"(378, 325, 417, 358)",,,0.0,False,False,True,0.0,0.0
V_DRONE_041151_115_png.rf.915196c0b9d0869caa870e891f35cc7c.jpg,1.0,"(438, 306, 472, 335)",,,0.0,False,False,True,0.0,0.0
V_DRONE_041151_159_png.rf.31bb7fd3211c5a5ebe0a55ac843c79d0.jpg,1.0,"(308, 361, 343, 402)",,,0.0,False,False,True,0.0,0.0
V_DRONE_041151_164_png.rf.25d8a85ff9ba97b625176304c6adfc8c.jpg,1.0,"(307, 359, 341, 399)",,,0.0,False,False,True,0.0,0.0
V_DRONE_041151_207_png.rf.4b41ce763b90107c4672eb9ebae165a2.jpg,1.0,"(287, 350, 317, 385)",,,0.0,False,False,True,0.0,0.0
V_DRONE_041151_303_png.rf.cca4b57641558b56b0404c27624d20cf.jpg,1.0,"(403, 139, 431, 172)",,,0.0,False,False,True,0.0,0.0
V_DRONE_042152_028_png.rf.4e33f417551819f223ad38595752f3de.jpg,1.0,"(278, 422, 312, 455)",,,0.0,False,False,True,0.0,0.0
V_DRONE_043153_273_png.rf.55a667188d6a6c409c740cf6041666fc.jpg,1.0,"(310, 504, 333, 527)",,,0.0,False,False,True,0.0,0.0
V_DRONE_044154_027_png.rf.c01dbbc7c2acb7adc64be29b99aeee7c.jpg,1.0,"(270, 379, 317, 418)",,,0.0,False,False,True,0.0,0.0
V_DRONE_044154_205_png.rf.7ccf2b544bccce9239ef2403edb00f4f.jpg,1.0,"(207, 207, 255, 246)",1.0,"[209, 206, 255, 246]",0.8407390117645264,False,False,False,0.9367214748380668,0.9665948275862069
V_DRONE_044154_215_png.rf.49ffab5632054c1449f332614cd40359.jpg,1.0,"(188, 211, 235, 251)",1.0,"[188, 211, 236, 250]",0.7713101506233215,False,False,False,0.9561752988047809,0.9770788912579957
V_DRONE_045155_034_png.rf.1e34bb7279e6f1c4425fc67dd5c3f45d.jpg,1.0,"(218, 308, 257, 338)",1.0,"[220, 308, 259, 339]",0.7933822870254517,False,False,False,0.8777943368107303,0.9331651954602774
V_DRONE_045155_103_png.rf.e876efdb2328969137f2f6630bb459ab.jpg,1.0,"(312, 327, 351, 357)",1.0,"[314, 326, 350, 357]",0.7584885954856873,False,False,False,0.8981989036805011,0.9448818897637795
V_DRONE_045155_140_png.rf.540922356e6805c96586ea0eb30b0264.jpg,1.0,"(303, 355, 340, 385)",1.0,"[303, 355, 341, 385]",0.7757750749588013,False,False,False,0.9743589743589743,0.9866666666666667
V_DRONE_045155_210_png.rf.5a80fdeda6ef30b135dca77192881083.jpg,1.0,"(228, 370, 268, 402)",1.0,"[226, 370, 265, 400]",0.7922049760818481,False,False,False,0.8325088339222615,0.9061224489795918
V_DRONE_046156_042_png.rf.bc9ffad136826ea387f32846ee1c583b.jpg,1.0,"(264, 370, 303, 403)",,,0.0,False,False,True,0.0,0.0
V_DRONE_046156_140_png.rf.526a3184f5657c670519ebf204142492.jpg,1.0,"(258, 240, 296, 273)",,,0.0,False,False,True,0.0,0.0
V_DRONE_046156_190_png.rf.f944856129d33f862841938b0bdb7c8d.jpg,1.0,"(261, 395, 295, 422)",,,0.0,False,False,True,0.0,0.0
V_DRONE_047157_158_png.rf.5be43c874b5812a1e1e42c28725ea7c6.jpg,1.0,"(429, 251, 454, 271)",,,0.0,False,False,True,0.0,0.0
V_DRONE_048158_066_png.rf.b381aab21550260a1b086699c7405a25.jpg,1.0,"(305, 209, 331, 232)",,,0.0,False,False,True,0.0,0.0
V_DRONE_048158_202_png.rf.b9f935a52f3c1e39edb2e1a3cdc9d7df.jpg,1.0,"(318, 206, 358, 238)",,,0.0,False,False,True,0.0,0.0
V_DRONE_050160_055_png.rf.5a2777f6b47de5e1e6f9076a84fc23a1.jpg,1.0,"(349, 259, 373, 285)",,,0.0,False,False,True,0.0,0.0
V_DRONE_050160_190_png.rf.b9e5a05578bb67dd4706d72a30b43ad7.jpg,1.0,"(339, 374, 365, 400)",,,0.0,False,False,True,0.0,0.0
V_DRONE_050160_205_png.rf.024f392985bc6ea2f73ee0a885bf6ec6.jpg,1.0,"(346, 350, 371, 375)",,,0.0,False,False,True,0.0,0.0
V_DRONE_050160_239_png.rf.fa0728fee4fc789ae6a2a30ed1184680.jpg,1.0,"(353, 289, 376, 310)",,,0.0,False,False,True,0.0,0.0
V_DRONE_050160_308_png.rf.5a24ca84f4fe59be76f6bc0a33d42756.jpg,1.0,"(313, 112, 335, 136)",,,0.0,False,False,True,0.0,0.0
V_DRONE_051161_084_png.rf.5c9baf798b44566861e3ba5b03226ba9.jpg,1.0,"(449, 306, 471, 328)",,,0.0,False,False,True,0.0,0.0
V_DRONE_051161_136_png.rf.8b5acb53a4f11309ba5fc00f37e4deed.jpg,1.0,"(390, 360, 414, 385)",,,0.0,False,False,True,0.0,0.0
V_DRONE_051161_177_png.rf.58b995839cb064823c8bbd1db424125d.jpg,1.0,"(385, 371, 405, 393)",,,0.0,False,False,True,0.0,0.0
V_DRONE_051161_180_png.rf.2ed25433d0c0a5eae191870a15240db5.jpg,1.0,"(387, 368, 403, 392)",,,0.0,False,False,True,0.0,0.0
V_DRONE_051161_239_png.rf.e890703d99a60237c351fcb87338ac9b.jpg,1.0,"(356, 318, 383, 352)",,,0.0,False,False,True,0.0,0.0
V_DRONE_052162_109_png.rf.c2fb1e51cc8d4dfdd675a48c786a0d5c.jpg,1.0,"(287, 366, 305, 383)",,,0.0,False,False,True,0.0,0.0
V_DRONE_052162_152_png.rf.7b08f7c4727830879fa2ec8150d45d4c.jpg,1.0,"(207, 330, 240, 357)",,,0.0,False,False,True,0.0,0.0
V_DRONE_053163_211_png.rf.4413691d0a251e512353812b1f3f9539.jpg,1.0,"(362, 262, 392, 298)",,,0.0,False,False,True,0.0,0.0
V_DRONE_054164_002_png.rf.c8ac597952aaa61fe7a2441b9bc4459a.jpg,1.0,"(125, 361, 158, 394)",,,0.0,False,False,True,0.0,0.0
V_DRONE_054164_045_png.rf.4a15ceb1c8b48c15984520de61e691c6.jpg,1.0,"(284, 192, 315, 223)",,,0.0,False,False,True,0.0,0.0
V_DRONE_055165_061_png.rf.262cb4ef3bef2a7470b924c139ea0464.jpg,1.0,"(181, 315, 201, 334)",,,0.0,False,False,True,0.0,0.0
V_DRONE_055165_068_png.rf.1ecaed99077c1c308e3ba2944167df86.jpg,1.0,"(178, 324, 199, 344)",,,0.0,False,False,True,0.0,0.0
V_DRONE_056166_141_png.rf.84510015595ce58d11c857d673b5cc3e.jpg,1.0,"(395, 160, 425, 192)",,,0.0,False,False,True,0.0,0.0
V_DRONE_056166_181_png.rf.5d51d2e73db53d59ec280a57a7a884db.jpg,1.0,"(459, 266, 491, 299)",,,0.0,False,False,True,0.0,0.0
V_DRONE_057167_047_png.rf.c38af9a53c141b37621fa77516cc83e2.jpg,1.0,"(383, 435, 421, 477)",,,0.0,False,False,True,0.0,0.0
V_DRONE_057167_053_png.rf.2130ceb78755ecd152f0667db8f1e574.jpg,1.0,"(393, 417, 431, 460)",,,0.0,False,False,True,0.0,0.0
V_DRONE_058168_075_png.rf.8329a57a0b5e0937090dbe52c4263b52.jpg,1.0,"(441, 134, 469, 158)",,,0.0,False,False,True,0.0,0.0
V_DRONE_059169_032_png.rf.df094461ac45241e8ac4b7d41059a163.jpg,1.0,"(315, 112, 340, 142)",,,0.0,False,False,True,0.0,0.0
V_DRONE_059169_053_png.rf.8f20f459ce26171a273afa7b608dd29e.jpg,1.0,"(379, 128, 404, 158)",,,0.0,False,False,True,0.0,0.0
V_DRONE_059169_181_png.rf.a0f0c7820f1d635f1f6bb79995170894.jpg,1.0,"(342, 354, 366, 384)",,,0.0,False,False,True,0.0,0.0
V_DRONE_059169_212_png.rf.aaaf30a86043e703532b3d033425e958.jpg,1.0,"(331, 391, 357, 422)",,,0.0,False,False,True,0.0,0.0
V_DRONE_059169_290_png.rf.11192d5ffe39465f79282bc99901a523.jpg,1.0,"(362, 266, 387, 297)",,,0.0,False,False,True,0.0,0.0
V_DRONE_061171_221_png.rf.9844968c70641d9ca7d6336b9a28fc85.jpg,1.0,"(526, 391, 564, 426)",,,0.0,False,False,True,0.0,0.0
V_DRONE_061171_274_png.rf.ce71b3901980900857190740f00f140c.jpg,1.0,"(273, 390, 306, 420)",,,0.0,False,False,True,0.0,0.0
V_DRONE_062172_163_png.rf.b2c4fc44bf070df1e751e223ef272761.jpg,1.0,"(222, 375, 265, 418)",,,0.0,False,False,True,0.0,0.0
V_DRONE_062172_233_png.rf.db04f222940bb7e4b947c9b94ea025a2.jpg,1.0,"(258, 94, 289, 126)",,,0.0,False,False,True,0.0,0.0
V_DRONE_062172_247_png.rf.45964074b67149d7281dcd0d1ea34c4d.jpg,1.0,"(249, 58, 279, 89)",,,0.0,False,False,True,0.0,0.0
V_DRONE_063173_022_png.rf.e014e2228118c81ce846e227db2c1fe7.jpg,1.0,"(260, 168, 291, 193)",,,0.0,False,False,True,0.0,0.0
V_DRONE_064174_226_png.rf.732723292412a3195ee29f53beff54f8.jpg,1.0,"(245, 319, 282, 346)",,,0.0,False,False,True,0.0,0.0
V_DRONE_064174_249_png.rf.adc0e4c3ba823a11e723f9b27d7d9f6b.jpg,1.0,"(236, 344, 271, 371)",,,0.0,False,False,True,0.0,0.0
V_DRONE_065175_102_png.rf.18eab5a7f7ca3a7fe0e09452c0fe1c5a.jpg,1.0,"(245, 422, 276, 450)",,,0.0,False,False,True,0.0,0.0
V_DRONE_066176_130_png.rf.57f1bad61a79f24bd348c961216fbd9b.jpg,1.0,"(277, 156, 311, 190)",,,0.0,False,False,True,0.0,0.0
V_DRONE_067177_092_png.rf.17488fd51d2f937ca8bc87c0d220e44b.jpg,1.0,"(186, 66, 217, 107)",,,0.0,False,False,True,0.0,0.0
V_DRONE_067177_180_png.rf.720fa45cf08d8d0f8149f02d64cd0f4a.jpg,1.0,"(235, 206, 267, 247)",,,0.0,False,False,True,0.0,0.0
V_DRONE_067177_192_png.rf.9e3227822339127cd183e1035f817cae.jpg,1.0,"(245, 227, 277, 268)",1.0,"[242, 229, 282, 267]",0.7633266448974609,False,False,False,0.7579505300353356,0.8587570621468926
V_DRONE_068178_105_png.rf.eb2d19c8f117006e7e40ccf7700c1bf0.jpg,1.0,"(260, 284, 293, 315)",,,0.0,False,False,True,0.0,0.0
V_DRONE_068178_189_png.rf.f0982201ca824f157e39fb1e3e5ec2ba.jpg,1.0,"(221, 17, 254, 49)",,,0.0,False,False,True,0.0,0.0
V_DRONE_068178_240_png.rf.7d7e84da2e3b588495ad0f781b254c17.jpg,1.0,"(206, 84, 238, 114)",,,0.0,False,False,True,0.0,0.0
V_DRONE_069179_058_png.rf.83ef4b91d9ba4c242c985deb05acb15a.jpg,1.0,"(144, 275, 168, 300)",1.0,"[145, 272, 168, 300]",0.7990835309028625,False,False,False,0.8642659279778393,0.9244372990353698
V_DRONE_070180_244_png.rf.57bd7be69fd66b011ffe361a497a2626.jpg,1.0,"(224, 277, 254, 308)",,,0.0,False,False,True,0.0,0.0
V_DRONE_071181_243_png.rf.63900fcdd96f0985a58c1c9a8690e649.jpg,1.0,"(230, 288, 258, 319)",,,0.0,False,False,True,0.0,0.0
V_DRONE_072182_042_png.rf.fe1f2d6b98503f9f4a822f54cd50bdd5.jpg,1.0,"(155, 301, 221, 347)",,,0.0,False,False,True,0.0,0.0
V_DRONE_074184_149_png.rf.74a2e21280e9104e7ea299953fe1f099.jpg,1.0,"(244, 188, 293, 238)",,,0.0,False,False,True,0.0,0.0
V_DRONE_074184_288_png.rf.64003bf2b4e76de165f61d55b2aa3ea2.jpg,1.0,"(218, 92, 266, 141)",,,0.0,False,False,True,0.0,0.0
V_DRONE_075185_032_png.rf.073d9a49fba11c9455f019a232d3842c.jpg,1.0,"(210, 110, 253, 145)",,,0.0,False,False,True,0.0,0.0
V_DRONE_075185_050_png.rf.993d75a0c1b64d181703b28cd0678c82.jpg,1.0,"(231, 176, 276, 211)",,,0.0,False,False,True,0.0,0.0
V_DRONE_075185_280_png.rf.17acb6ac69c2a08c2555b12183ee53c7.jpg,1.0,"(182, 221, 225, 252)",,,0.0,False,False,True,0.0,0.0
V_DRONE_075185_313_png.rf.52acb5053880b091e2c90b2416eb30e9.jpg,1.0,"(206, 223, 249, 254)",,,0.0,False,False,True,0.0,0.0
V_DRONE_076186_154_png.rf.107d02aca833b5ac9b0bb3390c204c87.jpg,1.0,"(276, 228, 315, 267)",,,0.0,False,False,True,0.0,0.0
V_DRONE_076186_236_png.rf.dba6bcf1be39822e3aba0cc51187652c.jpg,1.0,"(295, 288, 334, 328)",,,0.0,False,False,True,0.0,0.0
V_DRONE_076186_302_png.rf.4f7cc5aea10280d6a0b082eeb982cda4.jpg,1.0,"(270, 357, 310, 397)",,,0.0,False,False,True,0.0,0.0
V_DRONE_078188_022_png.rf.fb88a3c797c8a68bbe03ee71c43ed61f.jpg,1.0,"(246, 351, 303, 396)",,,0.0,False,False,True,0.0,0.0
V_DRONE_078188_156_png.rf.c937971bf011e273dcb415bbdf79dfd4.jpg,1.0,"(206, 508, 251, 553)",1.0,"[204, 517, 248, 555]",0.7563753724098206,False,False,False,0.6978070175438597,0.817960508520422
V_DRONE_079189_183_png.rf.88e105363c1b1196cd23ddd0a24a1b04.jpg,1.0,"(258, 276, 299, 311)",,,0.0,False,False,True,0.0,0.0
V_DRONE_079189_311_png.rf.8c9fc3c593696d53830130b8aa7beac3.jpg,1.0,"(102, 126, 131, 154)",,,0.0,False,False,True,0.0,0.0
V_DRONE_080190_084_png.rf.2f5da28648fa06184cf0a10584706f51.jpg,1.0,"(94, 140, 157, 175)",,,0.0,False,False,True,0.0,0.0
V_DRONE_080190_136_png.rf.b4db17ca8bbebca3429526466412df17.jpg,1.0,"(174, 302, 244, 345)",,,0.0,False,False,True,0.0,0.0
V_DRONE_080190_163_png.rf.7c418299e471a28a9f1f42c1dea5f497.jpg,1.0,"(172, 259, 248, 306)",,,0.0,False,False,True,0.0,0.0
V_DRONE_081191_237_png.rf.9fc031b77e410f9cca64178b6bdff2f5.jpg,1.0,"(454, 99, 496, 145)",,,0.0,False,False,True,0.0,0.0
V_DRONE_082192_041_png.rf.55b6c301cfcb8ac7ebd4cb125a8cc833.jpg,1.0,"(538, 262, 576, 308)",,,0.0,False,False,True,0.0,0.0
V_DRONE_082192_102_png.rf.2c1c91377d725de543bdb065e212dce1.jpg,1.0,"(492, 274, 530, 320)",,,0.0,False,False,True,0.0,0.0
V_DRONE_082192_155_png.rf.704a8c9c10637284f3a54d466c9af177.jpg,1.0,"(466, 121, 503, 166)",,,0.0,False,False,True,0.0,0.0
V_DRONE_082192_275_png.rf.67237ad6e6ee2b74bf7d3efe2b35b8b3.jpg,1.0,"(353, 334, 387, 375)",,,0.0,False,False,True,0.0,0.0
V_DRONE_083193_074_png.rf.4e57a041d3a387f029575d1e258e7e04.jpg,1.0,"(407, 215, 444, 249)",,,0.0,False,False,True,0.0,0.0
V_DRONE_083193_100_png.rf.777f9f431e7914f12c5820ed9272c045.jpg,1.0,"(446, 196, 484, 230)",,,0.0,False,False,True,0.0,0.0
V_DRONE_083193_206_png.rf.a69752de2f40c15d68b8d8c9639e1366.jpg,1.0,"(516, 210, 553, 243)",,,0.0,False,False,True,0.0,0.0
V_DRONE_083193_232_png.rf.e065abb2528c2de5943f8ee81f773196.jpg,1.0,"(519, 231, 556, 264)",,,0.0,False,False,True,0.0,0.0
V_DRONE_083193_241_png.rf.5242fe4e4a97062e864daf0b70e1ffdb.jpg,1.0,"(488, 257, 525, 290)",,,0.0,False,False,True,0.0,0.0
V_DRONE_084194_262_png.rf.d5f0f4e523dbaff3bad649e0702034c4.jpg,1.0,"(482, 367, 517, 405)",,,0.0,False,False,True,0.0,0.0
V_DRONE_084194_285_png.rf.ac4a065ec3319ff3a447140c30735609.jpg,1.0,"(472, 301, 508, 339)",,,0.0,False,False,True,0.0,0.0
V_DRONE_085195_009_png.rf.dbe4b6bfe9b66a02b484cab60c59cadc.jpg,1.0,"(470, 211, 503, 242)",,,0.0,False,False,True,0.0,0.0
V_DRONE_086196_270_png.rf.430b8cd34d0fee217124e966e7b738a7.jpg,1.0,"(399, 219, 455, 275)",1.0,"[399, 218, 457, 277]",0.7549421787261963,False,False,False,0.9177966101694915,0.956389143031412
V_DRONE_087197_116_png.rf.af9878a39ff3cc6345ba1ae6eb36c427.jpg,1.0,"(385, 249, 440, 307)",,,0.0,False,False,True,0.0,0.0
V_DRONE_087197_130_png.rf.a57bbb3dcdf49861a40986aae5916144.jpg,1.0,"(382, 224, 436, 281)",,,0.0,False,False,True,0.0,0.0
V_DRONE_087197_139_png.rf.f8e5982412b6da78e4d980ae54af0c3d.jpg,1.0,"(383, 210, 437, 267)",,,0.0,False,False,True,0.0,0.0
V_DRONE_087197_267_png.rf.0f75b8e21c1ed33cc965b201766b43d8.jpg,1.0,"(450, 169, 504, 226)",,,0.0,False,False,True,0.0,0.0
V_DRONE_088198_033_png.rf.b395e9572024b5d1e06dd59154475613.jpg,1.0,"(475, 235, 499, 257)",,,0.0,False,False,True,0.0,0.0
V_DRONE_088198_210_png.rf.92a942b0ed418b61fcbe4d803fd3fc76.jpg,1.0,"(466, 230, 491, 254)",,,0.0,False,False,True,0.0,0.0
V_DRONE_088198_234_png.rf.bf63bde55db1557e4328d4b2ad4bceea.jpg,1.0,"(468, 217, 501, 250)",,,0.0,False,False,True,0.0,0.0
V_DRONE_089199_115_png.rf.a5d42aed47971a8823d281fa96b2bdbc.jpg,1.0,"(459, 256, 498, 295)",,,0.0,False,False,True,0.0,0.0
V_DRONE_090200_083_png.rf.9f9095f68c413194cfebf9d60376ff20.jpg,1.0,"(485, 98, 551, 157)",,,0.0,False,False,True,0.0,0.0
V_DRONE_090200_126_png.rf.d0388fd524eb3ec591f9c0efe72eb12a.jpg,1.0,"(484, 114, 550, 172)",,,0.0,False,False,True,0.0,0.0
V_DRONE_090200_135_png.rf.a94d4c96a9abe27985cb8d9a6ae14f4a.jpg,1.0,"(483, 120, 548, 177)",,,0.0,False,False,True,0.0,0.0
V_DRONE_091201_007_png.rf.dd98955820f2f51197043ea86da4a7ea.jpg,1.0,"(304, 111, 369, 174)",,,0.0,False,False,True,0.0,0.0
V_DRONE_091201_042_png.rf.37c91cd1c73814666c0105bb18ab4354.jpg,1.0,"(282, 264, 342, 323)",,,0.0,False,False,True,0.0,0.0
V_DRONE_091201_196_png.rf.96d8f49063833df516cd5c5f7ac2b624.jpg,1.0,"(377, 98, 437, 160)",,,0.0,False,False,True,0.0,0.0
V_DRONE_091201_324_png.rf.edce53237b0f504b6b5e946120a15ca3.jpg,1.0,"(386, 48, 441, 107)",,,0.0,False,False,True,0.0,0.0
V_DRONE_092202_059_png.rf.a0ed0cde68b662db6ad86f0ac2cf95a0.jpg,1.0,"(399, 99, 445, 134)",,,0.0,False,False,True,0.0,0.0
V_DRONE_092202_222_png.rf.733a0b72b2e5d5afa410b4bdea20bad2.jpg,1.0,"(438, 271, 482, 303)",,,0.0,False,False,True,0.0,0.0
V_DRONE_092202_230_png.rf.4737e02e56191032c29198a5c96903fd.jpg,1.0,"(444, 289, 485, 320)",,,0.0,False,False,True,0.0,0.0
V_DRONE_093203_255_png.rf.2bf7901a29f0ab49a66a59190790daa1.jpg,1.0,"(471, 144, 508, 174)",,,0.0,False,False,True,0.0,0.0
V_DRONE_093203_293_png.rf.7e93d9c6ffd8cb8cc3727a6445e217c2.jpg,1.0,"(433, 172, 473, 205)",,,0.0,False,False,True,0.0,0.0
V_DRONE_093203_320_png.rf.5c1dc4208ff7a93f52ef000b190ed9d5.jpg,1.0,"(437, 189, 473, 219)",,,0.0,False,False,True,0.0,0.0
V_DRONE_094204_148_png.rf.8f216977b265536d1d340b2e1df84e03.jpg,1.0,"(463, 178, 494, 213)",,,0.0,False,False,True,0.0,0.0
V_DRONE_094204_292_png.rf.808671489c693c0c27c24979121fbcac.jpg,1.0,"(477, 299, 532, 361)",,,0.0,False,False,True,0.0,0.0
V_DRONE_095205_136_png.rf.96df854da1f236c1671277b862f07c2d.jpg,1.0,"(410, 121, 445, 153)",,,0.0,False,False,True,0.0,0.0
V_DRONE_095205_141_png.rf.0f0819697f89f6a81d18824ca3456ecd.jpg,1.0,"(407, 120, 442, 147)",,,0.0,False,False,True,0.0,0.0
V_DRONE_095205_283_png.rf.36bbc62b9d1e9db0115ebcd927ea004d.jpg,1.0,"(426, 473, 476, 506)",1.0,"[426, 474, 476, 514]",0.7779141664505005,False,False,False,0.7857142857142857,0.8767123287671232
V_DRONE_096206_020_png.rf.b9f9285be46e4225f5a753c27928fdb5.jpg,1.0,"(239, 559, 287, 592)",1.0,"[239, 559, 289, 592]",0.7901021838188171,False,False,False,0.9607843137254902,0.9795918367346939
V_DRONE_096206_106_png.rf.4bd4f3e614edce66d0e7ad94c14dfee0.jpg,1.0,"(252, 449, 308, 486)",,,0.0,False,False,True,0.0,0.0
V_DRONE_096206_151_png.rf.f4affc31335d936b0cb15e454451dbb0.jpg,1.0,"(327, 351, 383, 392)",,,0.0,False,False,True,0.0,0.0
V_DRONE_096206_179_png.rf.2bb805ec5d6af7256f7e1dfdcf1527c0.jpg,1.0,"(326, 332, 380, 366)",,,0.0,False,False,True,0.0,0.0
V_DRONE_096206_211_png.rf.cf5bae1b79f0ae9dbe18720217004b58.jpg,1.0,"(313, 457, 369, 495)",,,0.0,False,False,True,0.0,0.0
V_DRONE_097207_239_png.rf.a5c257f684984abd085fe98db49fda31.jpg,1.0,"(262, 16, 294, 44)",,,0.0,False,False,True,0.0,0.0
V_DRONE_097207_300_png.rf.098eb39708b94ec6bfc9ae4e24457184.jpg,1.0,"(241, 36, 269, 61)",,,0.0,False,False,True,0.0,0.0
V_DRONE_098208_081_png.rf.ce4b37df38ddba6a12d932e2fc6fc2d8.jpg,1.0,"(470, 70, 505, 102)",,,0.0,False,False,True,0.0,0.0
V_DRONE_098208_088_png.rf.ebf189b7408014fdb21bdb2aaab5aa6c.jpg,1.0,"(455, 87, 489, 120)",,,0.0,False,False,True,0.0,0.0
V_DRONE_098208_293_png.rf.94e40e346426319c3a3c61ca69aa4975.jpg,1.0,"(478, 131, 506, 158)",1.0,"[479, 128, 506, 159]",0.7502632737159729,False,False,False,0.8484848484848485,0.9152542372881356
V_DRONE_099209_054_png.rf.aaa808bc2e39c0ac510aeaa270c55768.jpg,1.0,"(602, 193, 631, 219)",,,0.0,False,False,True,0.0,0.0
V_DRONE_099209_119_png.rf.48ae13a5208400ffa7fef16fb99d2396.jpg,1.0,"(271, 51, 304, 78)",,,0.0,False,False,True,0.0,0.0
V_DRONE_100210_278_png.rf.e618cb61080d23ea3874c136f70f45e7.jpg,1.0,"(119, 484, 163, 517)",,,0.0,False,False,True,0.0,0.0
V_DRONE_101211_146_png.rf.daae1b74057fc307801bbab8e213d4e3.jpg,1.0,"(181, 244, 216, 278)",,,0.0,False,False,True,0.0,0.0
V_DRONE_101211_219_png.rf.1d9e8eae27a372c4551681c0a39f6b1f.jpg,1.0,"(80, 213, 252, 370)",1.0,"[79, 215, 247, 374]",0.9262619614601135,False,False,False,0.9304835617411062,0.963772432794698
V_DRONE_101211_231_png.rf.563194aeb670737974a0fa899926b6cb.jpg,1.0,"(490, 240, 521, 270)",,,0.0,False,False,True,0.0,0.0
V_DRONE_103213_092_png.rf.71d33bfd00492627608ea3302ed661c3.jpg,1.0,"(360, 327, 383, 361)",,,0.0,False,False,True,0.0,0.0
V_DRONE_103213_255_png.rf.15b6133bb1ba59e047a0c9f6cb9f8e6a.jpg,1.0,"(467, 124, 495, 163)",1.0,"[467, 125, 495, 163]",0.812665581703186,False,False,False,0.975,0.987012987012987
V_DRONE_104214_046_png.rf.fba27f8af2e22bdf9a1d744c43570a62.jpg,1.0,"(471, 115, 499, 152)",1.0,"[470, 115, 500, 153]",0.8171378374099731,False,False,False,0.9114971050454922,0.9522058823529411
V_DRONE_104214_209_png.rf.51aa42067df06fbe3d39cfa40f40cf98.jpg,1.0,"(286, 204, 312, 240)",1.0,"[285, 205, 312, 240]",0.7792218327522278,False,False,False,0.9391304347826087,0.9675704412546517
V_DRONE_106216_112_png.rf.4207b3dac8d9666608dc76ecfafdb595.jpg,1.0,"(343, 227, 379, 278)",,,0.0,False,False,True,0.0,0.0
V_DRONE_107217_190_png.rf.65aac286c28842a76f6980c5efa6c2ea.jpg,1.0,"(341, 203, 376, 250)",,,0.0,False,False,True,0.0,0.0
V_DRONE_108218_043_png.rf.3c34f16179355e268682a708be341fc2.jpg,1.0,"(397, 130, 430, 182)",,,0.0,False,False,True,0.0,0.0
V_DRONE_108218_224_png.rf.7f9bb4b54ced7c5578e6d584bd1108f6.jpg,1.0,"(112, 216, 138, 255)",,,0.0,False,False,True,0.0,0.0
V_DRONE_110220_002_png.rf.3dafdea00b364cfd217c8bfa674f8c2d.jpg,1.0,"(153, 306, 183, 348)",1.0,"[152, 308, 185, 348]",0.7987510561943054,False,False,False,0.8729395604395604,0.9302325581395349
V_DRONE_110220_030_png.rf.c59d55db694cbbe2be7bffe91bba8d36.jpg,1.0,"(196, 305, 225, 342)",1.0,"[196, 304, 230, 345]",0.8023907542228699,False,False,False,0.7755102040816326,0.8698824483177949
V_DRONE_110220_062_png.rf.df75f9d9582b5a9e8d424b48106465d6.jpg,1.0,"(275, 301, 308, 341)",1.0,"[275, 300, 310, 339]",0.8062078356742859,False,False,False,0.8793103448275862,0.9340782122905028
V_DRONE_111221_188_png.rf.52a97c2ac472ef45802dda293b8ee9c3.jpg,1.0,"(257, 534, 274, 557)",,,0.0,False,False,True,0.0,0.0
V_DRONE_111221_236_png.rf.91866bcbf94ee68ebc1828627b1e93c7.jpg,1.0,"(257, 480, 275, 509)",1.0,"[259, 479, 276, 503]",0.7963241934776306,False,False,False,0.6666666666666666,0.7913978494623656
V_DRONE_112222_093_png.rf.c61b34db7ed0eab34c26f1ec933210ad.jpg,1.0,"(295, 440, 313, 462)",1.0,"[292, 440, 310, 463]",0.769547700881958,False,False,False,0.700952380952381,0.8148148148148148
V_DRONE_112222_120_png.rf.373c0c6d9cec26a5dd9cbae9629be28d.jpg,1.0,"(282, 437, 302, 462)",,,0.0,False,False,True,0.0,0.0
V_DRONE_113223_017_png.rf.efea1b12dfe45ae5d3eadaaecf62ff69.jpg,1.0,"(235, 394, 254, 424)",1.0,"[233, 393, 254, 423]",0.7743039727210999,False,False,False,0.8547008547008547,0.9183333333333333
V_DRONE_114224_024_png.rf.30d9f48a902190a17c1f452c85c4c856.jpg,1.0,"(215, 384, 237, 416)",1.0,"[216, 385, 237, 414]",0.8111255168914795,False,False,False,0.8695652173913043,0.9276466108149276
V_DRONE_114224_286_png.rf.8739c61c00f91ce21c3b31e852203f6d.jpg,1.0,"(166, 358, 184, 381)",1.0,"[164, 356, 185, 384]",0.8243981599807739,False,False,False,0.7147335423197492,0.8263473053892215
V_HELICOPTER_001225_005_png.rf.3b803228b8d921d0eb517e0dd7d4ee1d.jpg,2.0,"(93, 303, 230, 420)",2.0,"[92, 303, 231, 420]",0.9014763832092285,False,False,False,0.9857142857142858,0.9927536231884058
V_HELICOPTER_001225_044_png.rf.3b64b98ed938ed78cee7be08a8ea5846.jpg,2.0,"(249, 280, 394, 403)",2.0,"[248, 278, 395, 404]",0.89826899766922,False,False,False,0.9631836560970419,0.9811040514893968
V_HELICOPTER_001225_220_png.rf.5a2850a86de52195f68123f6ee0cfa24.jpg,2.0,"(357, 217, 528, 399)",2.0,"[353, 217, 530, 403]",0.875129222869873,False,False,False,0.9456227843537823,0.971894322653176
V_HELICOPTER_002226_184_png.rf.b771ba6c24869937457da50414b9e289.jpg,2.0,"(296, 136, 373, 227)",2.0,"[293, 132, 377, 231]",0.8706857562065125,False,False,False,0.8442352941176471,0.914572864321608
V_HELICOPTER_003227_210_png.rf.6179854d3da489ab44f8629c371919ea.jpg,2.0,"(349, 291, 390, 333)",2.0,"[350, 291, 391, 333]",0.8270578384399414,False,False,False,0.9534883720930233,0.975609756097561
V_HELICOPTER_003227_256_png.rf.9564eab1f314522e7d26afef861e0d62.jpg,2.0,"(336, 314, 376, 356)",2.0,"[336, 313, 377, 358]",0.8249025940895081,False,False,False,0.9125258799171843,0.9531914893617022
V_HELICOPTER_003227_298_png.rf.be18af7c644ec497bdf493600b3d9038.jpg,2.0,"(325, 332, 366, 374)",,,0.0,False,False,True,0.0,0.0
V_HELICOPTER_004228_092_png.rf.2e504c1ff99b5156b3d37929bc49d1cd.jpg,2.0,"(314, 364, 346, 407)",,,0.0,False,False,True,0.0,0.0
V_HELICOPTER_004228_131_png.rf.cfab43136ac1b5445e78ae40b985edb6.jpg,2.0,"(304, 368, 346, 425)",,,0.0,False,False,True,0.0,0.0
V_HELICOPTER_004228_267_png.rf.c8a5baad9a1806a44b3fe9203241e3b0.jpg,2.0,"(301, 364, 341, 415)",,,0.0,False,False,True,0.0,0.0
V_HELICOPTER_005229_012_png.rf.98d0e4da4cbee9f48591099f94325b8e.jpg,2.0,"(330, 383, 353, 409)",,,0.0,False,False,True,0.0,0.0
V_HELICOPTER_005229_080_png.rf.324be34705eb112a53d84d1b113a4fee.jpg,2.0,"(333, 375, 358, 404)",,,0.0,False,False,True,0.0,0.0
V_HELICOPTER_006230_152_png.rf.5490a221b7818ab515c2bbf592444342.jpg,2.0,"(389, 351, 420, 392)",2.0,"[388, 351, 420, 393]",0.8308950066566467,False,False,False,0.9471458773784355,0.9720841300191204
V_HELICOPTER_007231_051_png.rf.45ef0ca6e5eb1af2a1a229dbc4ca9b91.jpg,2.0,"(263, 170, 373, 308)",2.0,"[260, 169, 376, 311]",0.8877909779548645,False,False,False,0.9221803837188453,0.9591810944016176
V_HELICOPTER_007231_070_png.rf.69666c2cde4d0014d0fa0894683853ce.jpg,2.0,"(230, 177, 343, 318)",2.0,"[229, 176, 346, 320]",0.8737302422523499,False,False,False,0.9461133839859731,0.972087489704402
V_HELICOPTER_008232_161_png.rf.78e4d857cff8a53b3acea12df3a74350.jpg,2.0,"(302, 368, 341, 431)",2.0,"[303, 368, 342, 432]",0.847754955291748,False,False,False,0.9369369369369369,0.966686856450636
V_HELICOPTER_008232_233_png.rf.aee3d5f8133a2ec4800263c29c40153f.jpg,2.0,"(385, 326, 413, 362)",,,0.0,False,False,True,0.0,0.0
V_HELICOPTER_009233_201_png.rf.a1f1b94ace50e34e00bba316c8c68b1f.jpg,2.0,"(276, 296, 298, 330)",,,0.0,False,False,True,0.0,0.0
V_HELICOPTER_010234_032_png.rf.92508143ac90e0c9a251895ea00726cb.jpg,2.0,"(294, 324, 314, 355)",,,0.0,False,False,True,0.0,0.0
V_HELICOPTER_010234_059_png.rf.30166325fa20497e49c0889fcdac7169.jpg,2.0,"(295, 324, 315, 355)",,,0.0,False,False,True,0.0,0.0
V_HELICOPTER_010234_085_png.rf.ad727fd0980c2ba52f40ee9484a95cf5.jpg,2.0,"(297, 326, 315, 355)",,,0.0,False,False,True,0.0,0.0
V_HELICOPTER_010234_197_png.rf.6359ff6ee1d41948256cd8d6aa4a97e7.jpg,2.0,"(307, 339, 330, 375)",2.0,"[307, 339, 329, 375]",0.7663595676422119,False,False,False,0.9583333333333334,0.9777777777777777
V_HELICOPTER_012236_287_png.rf.1b8ac7e0983a1d3c105f1ea78af52343.jpg,2.0,"(442, 458, 505, 518)",2.0,"[442, 457, 506, 517]",0.8736010193824768,False,False,False,0.953090096798213,0.9755905511811024
V_HELICOPTER_014238_204_png.rf.354fea4673ac44377eeb1b23305a4232.jpg,2.0,"(443, 367, 481, 399)",2.0,"[442, 365, 481, 399]",0.787285566329956,False,False,False,0.9192857142857143,0.956726986624705
V_HELICOPTER_015239_266_png.rf.ca8f73c599415b94da17b3f1193e7d23.jpg,2.0,"(210, 489, 231, 511)",,,0.0,False,False,True,0.0,0.0
V_HELICOPTER_016240_026_png.rf.1168111064c2796de79e7ce9a3a96ed2.jpg,2.0,"(229, 478, 257, 510)",,,0.0,False,False,True,0.0,0.0
V_HELICOPTER_016240_089_png.rf.869ad1d2ef18f5faffffc0dfc0089ac6.jpg,2.0,"(200, 486, 229, 521)",,,0.0,False,False,True,0.0,0.0
V_HELICOPTER_019243_105_png.rf.fdf8e3aaa7997a300334c5efa528dd74.jpg,2.0,"(129, 150, 223, 258)",2.0,"[130, 151, 221, 259]",0.8707461953163147,False,False,False,0.9510864362975017,0.9746746746746747
V_HELICOPTER_019243_124_png.rf.52ebfde47afd03446035d804fd6aea4c.jpg,2.0,"(127, 147, 226, 262)",2.0,"[128, 151, 224, 261]",0.8758209943771362,False,False,False,0.9281896551724138,0.9624060150375939
V_HELICOPTER_019243_225_png.rf.455136d3cdb5354858315e19131ddfc0.jpg,2.0,"(146, 155, 266, 348)",2.0,"[137, 155, 270, 356]",0.8172649145126343,False,False,False,0.8672232894931284,0.9283867476399494
V_HELICOPTER_019243_305_png.rf.04c7ce43a8d91e9c4a8e85b91d5809e6.jpg,2.0,"(31, 347, 135, 494)",2.0,"[16, 343, 130, 497]",0.8032218217849731,False,False,False,0.7971990304336116,0.8861892583120204
V_HELICOPTER_020244_057_png.rf.a09dee45dc510a726ba6d9ace677b01c.jpg,2.0,"(317, 211, 457, 354)",2.0,"[318, 212, 459, 354]",0.9007589817047119,False,False,False,0.9723166585721223,0.9858648419159882
V_HELICOPTER_020244_198_png.rf.74cd4f37b8148b71064c3b2b8f46b070.jpg,2.0,"(287, 98, 391, 204)",2.0,"[286, 100, 391, 203]",0.8866153359413147,False,False,False,0.9630478878207955,0.9809972984110994
V_HELICOPTER_020244_271_png.rf.f6637669efe2332443694c91612b6458.jpg,2.0,"(282, 28, 395, 150)",2.0,"[278, 26, 395, 151]",0.8830641508102417,False,False,False,0.9430992736077481,0.9704691844708035
V_HELICOPTER_020244_275_png.rf.8448450746bad9799e825744ee0bd1fc.jpg,2.0,"(282, 31, 395, 153)",2.0,"[279, 27, 395, 154]",0.8782699108123779,False,False,False,0.9362980769230769,0.9668279683007224
V_HELICOPTER_021245_015_png.rf.a0b3844db21cde2595c0160768c7cd46.jpg,2.0,"(281, 231, 380, 349)",2.0,"[278, 224, 389, 356]",0.8218069076538086,False,False,False,0.7988721804511278,0.8872180451127819
V_HELICOPTER_021245_310_png.rf.8170560b41c7e01c43fb172588e5565c.jpg,2.0,"(162, 224, 400, 511)",2.0,"[160, 225, 395, 512]",0.8421837091445923,False,False,False,0.9643318686999225,0.9817680901061502
V_HELICOPTER_022246_021_png.rf.9277855f66fbfa6753850197e9e87020.jpg,2.0,"(169, 104, 445, 447)",2.0,"[171, 115, 432, 448]",0.790625274181366,False,False,False,0.9130926216640503,0.9544170370247989
V_HELICOPTER_022246_055_png.rf.d3227248e84b69280f19d7906da57d88.jpg,2.0,"(182, 197, 405, 475)",2.0,"[178, 190, 408, 481]",0.8200654983520508,False,False,False,0.9265255292652553,0.9617138779435946
V_HELICOPTER_022246_300_png.rf.5eb2e46e59cbadd5183720776f27ae50.jpg,2.0,"(205, 196, 336, 359)",2.0,"[204, 195, 330, 359]",0.8796619772911072,False,False,False,0.941884315602352,0.9698455387105219
V_HELICOPTER_023247_079_png.rf.973b2616bacc84f1f1d43d19dbbf4798.jpg,2.0,"(240, 201, 361, 356)",2.0,"[238, 199, 362, 353]",0.8861597776412964,False,False,False,0.9455448052276987,0.9718105201976169
V_HELICOPTER_023247_252_png.rf.cd82ffd0656b02349970b14533b44cf1.jpg,2.0,"(232, 177, 350, 328)",2.0,"[227, 181, 352, 317]",0.8887033462524414,False,False,False,0.8559353178978317,0.9218220460681257
V_HELICOPTER_023247_312_png.rf.a4363e61ce8734773298c477bf7c36ef.jpg,2.0,"(212, 152, 331, 303)",2.0,"[205, 161, 332, 287]",0.8887022137641907,False,False,False,0.7914416285832987,0.8827529363280445
V_HELICOPTER_025249_142_png.rf.c2c23f8ec2f0152fc245d3e5d97fe6dc.jpg,2.0,"(329, 187, 381, 262)",2.0,"[325, 183, 384, 268]",0.8589439392089844,False,False,False,0.7806201550387597,0.8749298934380259
V_HELICOPTER_026250_071_png.rf.7e6bc5f5b93eeb834fcf8f325d00bcaf.jpg,2.0,"(331, 269, 404, 363)",2.0,"[321, 267, 404, 368]",0.8321462273597717,False,False,False,0.8204948646125116,0.9002295834699902
V_HELICOPTER_026250_237_png.rf.64809cf7a41c4f56b32cf75e49509046.jpg,2.0,"(395, 45, 527, 207)",2.0,"[392, 40, 528, 204]",0.8370652198791504,False,False,False,0.925056511910972,0.9608130379051456
V_HELICOPTER_027251_034_png.rf.afaea14236097a828129ee98917ece55.jpg,2.0,"(141, 212, 319, 413)",2.0,"[139, 213, 317, 409]",0.8862940073013306,False,False,False,0.9539560078791858,0.9763110972745026
V_HELICOPTER_027251_160_png.rf.524738af061c5b1d50cc57c6d703b295.jpg,2.0,"(221, 170, 403, 369)",2.0,"[220, 172, 399, 366]",0.9073252081871033,False,False,False,0.9486343253159397,0.9735002255299955
V_HELICOPTER_027251_214_png.rf.099a5c1882927977a73bb197047d78e4.jpg,2.0,"(244, 97, 439, 311)",2.0,"[240, 96, 440, 309]",0.9015329480171204,False,False,False,0.9618025157812284,0.9804340092493774
V_HELICOPTER_027251_295_png.rf.df9150996240f98f88e2bcb3e06052f6.jpg,2.0,"(332, 258, 412, 351)",,,0.0,False,False,True,0.0,0.0
V_HELICOPTER_028252_038_png.rf.6eff7e87f6b7af6f588ad15e0e78f80b.jpg,2.0,"(285, 358, 360, 439)",2.0,"[284, 350, 359, 442]",0.829447329044342,False,False,False,0.8601398601398601,0.9239306358381503
V_HELICOPTER_029253_010_png.rf.1e1ecf567f575bab840c03295a28e72c.jpg,2.0,"(133, 243, 208, 327)",2.0,"[137, 235, 215, 334]",0.7562201023101807,False,False,False,0.7427184466019418,0.85066324347454
V_HELICOPTER_029253_032_png.rf.2e7121ebe8c2ba715bbd9201b62a682d.jpg,2.0,"(151, 249, 235, 336)",,,0.0,False,False,True,0.0,0.0
V_HELICOPTER_029253_170_png.rf.49ec8314e28ab8c26e12a3b8362d49eb.jpg,2.0,"(264, 270, 341, 360)",2.0,"[261, 265, 346, 360]",0.7903720140457153,False,False,False,0.8597383720930233,0.9236921026324558
V_HELICOPTER_029253_238_png.rf.966afb2198e640ce935f50dac7783d2f.jpg,2.0,"(301, 233, 366, 307)",,,0.0,False,False,True,0.0,0.0
V_HELICOPTER_030254_234_png.rf.1058e07493da357c7356d7bd1855a553.jpg,2.0,"(308, 183, 469, 370)",2.0,"[296, 182, 475, 366]",0.8797445297241211,False,False,False,0.8780487804878049,0.9346953666545057
V_HELICOPTER_030254_279_png.rf.b333bc4acca1a5cce1ec02ed7f9330bf.jpg,2.0,"(206, 151, 350, 316)",2.0,"[200, 152, 354, 317]",0.8849987983703613,False,False,False,0.9246376811594202,0.9605857230018304
V_HELICOPTER_031255_006_png.rf.874fcf15f52bace62c4fcd0b527b5b7f.jpg,2.0,"(265, 338, 338, 415)",2.0,"[251, 333, 342, 434]",0.8146207928657532,False,False,False,0.6150895140664961,0.7589792060491494
V_HELICOPTER_031255_064_png.rf.17048f734a12ce68c6ae6ebc82dd93be.jpg,2.0,"(289, 392, 369, 482)",2.0,"[292, 395, 367, 479]",0.8389378190040588,False,False,False,0.8764075430742098,0.9333333333333333
V_HELICOPTER_031255_282_png.rf.08fa82ba3590a67fb51d823924a52572.jpg,2.0,"(248, 536, 296, 578)",2.0,"[251, 535, 295, 579]",0.7934480905532837,False,False,False,0.8807464724624487,0.9352226720647774
V_HELICOPTER_031255_295_png.rf.01731a1d26775047a093ec3b07dd60dd.jpg,2.0,"(241, 551, 289, 592)",2.0,"[244, 549, 289, 591]",0.8173645734786987,False,False,False,0.8772093023255814,0.9331259720062208
V_HELICOPTER_032256_030_png.rf.7ca47e8a47475a04913d6f8911354bab.jpg,2.0,"(339, 247, 396, 303)",2.0,"[339, 246, 400, 303]",0.8428117036819458,False,False,False,0.9193548387096774,0.9572649572649573
V_HELICOPTER_034258_031_png.rf.a29e1ac8c53a493062fe6f675be59b22.jpg,2.0,"(311, 192, 415, 301)",2.0,"[312, 195, 416, 294]",0.845320999622345,False,False,False,0.8927038626609443,0.9427699704142012
V_HELICOPTER_034258_079_png.rf.aea91f1c120cb1be5c285368aa7719e0.jpg,2.0,"(302, 241, 386, 325)",2.0,"[300, 237, 386, 328]",0.8348533511161804,False,False,False,0.9026736631684158,0.9482596425211665
V_HELICOPTER_035259_059_png.rf.545753dbf95a490e4f6ce97340e8e580.jpg,2.0,"(290, 171, 485, 317)",2.0,"[289, 171, 487, 319]",0.8858160376548767,False,False,False,0.9717041583757715,0.9855644407518953
V_HELICOPTER_035259_113_png.rf.58e53c51f6079ff6d9f5847f7cc073df.jpg,2.0,"(275, 171, 467, 311)",2.0,"[270, 159, 473, 318]",0.8941309452056885,False,False,False,0.8337316176470588,0.9087681931132411
V_HELICOPTER_038262_037_png.rf.ba50deed5aaf6f1a8e9c1506f5d25283.jpg,2.0,"(321, 249, 386, 313)",,,0.0,False,False,True,0.0,0.0
V_HELICOPTER_038262_148_png.rf.6a97fa2084f6a64634951569b95922ac.jpg,2.0,"(302, 246, 365, 332)",,,0.0,False,False,True,0.0,0.0
V_HELICOPTER_038262_194_png.rf.4e515adb94ba51edb6f49dee11019a29.jpg,2.0,"(181, 222, 347, 485)",2.0,"[174, 203, 344, 490]",0.8116480112075806,False,False,False,0.8652278177458034,0.9274186569747317
V_HELICOPTER_039263_003_png.rf.316a7a4188a7af5f4fb5365131eeba40.jpg,2.0,"(252, 111, 422, 361)",2.0,"[243, 114, 421, 358]",0.8133081793785095,False,False,False,0.9229712360944909,0.9597356048968952
V_HELICOPTER_039263_108_png.rf.7e3cea85adcfbe57b8a6574dc5c888e6.jpg,2.0,"(322, 127, 432, 282)",2.0,"[311, 116, 431, 271]",0.8415193557739258,False,False,False,0.7879656160458453,0.8805610098176718
V_HELICOPTER_039263_134_png.rf.7cee046ceacccdc5f18939e5b9d6ac58.jpg,2.0,"(336, 137, 449, 273)",2.0,"[334, 134, 455, 275]",0.8664059042930603,False,False,False,0.9015238974832602,0.9477936414937248
V_HELICOPTER_039263_244_png.rf.4275e9b5964b6b3c142a1d305bd9e210.jpg,2.0,"(354, 206, 412, 270)",,,0.0,False,False,True,0.0,0.0
V_HELICOPTER_040264_240_png.rf.fb9470aaf242acaa3550462cbce4700f.jpg,2.0,"(316, 278, 348, 305)",2.0,"[327, 529, 397, 595]",0.7565478682518005,False,False,False,0.0,0.0
V_HELICOPTER_041265_030_png.rf.76d2cac3b15db27c52efde096e7c1a8d.jpg,2.0,"(193, 244, 289, 350)",2.0,"[193, 241, 296, 352]",0.8605918884277344,False,False,False,0.8910542582417582,0.9418297931417465
V_HELICOPTER_041265_149_png.rf.e642ebf0836f71cbaa20582b3514b519.jpg,2.0,"(228, 206, 339, 309)",2.0,"[227, 205, 340, 310]",0.8819419741630554,False,False,False,0.9639192320423701,0.9814576358485707
V_HELICOPTER_041265_183_png.rf.263ebf9b7a3911cb72f1893f5b334176.jpg,2.0,"(225, 241, 338, 343)",2.0,"[224, 240, 341, 343]",0.898876428604126,False,False,False,0.9568122555410691,0.9777325359460491
V_HELICOPTER_042266_012_png.rf.cf6c4fcf770af38be9edaae624b2ec46.jpg,2.0,"(226, 214, 349, 350)",2.0,"[233, 220, 351, 351]",0.837197482585907,False,False,False,0.8824342218895733,0.9370533772447648
V_HELICOPTER_042266_014_png.rf.bbdd3a33e7aa46cc5f5aeb19ca00f660.jpg,2.0,"(226, 213, 349, 350)",2.0,"[231, 219, 354, 351]",0.830090343952179,False,False,False,0.8777380420205633,0.9343851059328437
V_HELICOPTER_043267_206_png.rf.3b4ae5cb89a6e88d5ac1ee2670e10e75.jpg,2.0,"(256, 300, 305, 342)",2.0,"[253, 296, 306, 344]",0.8391184210777283,False,False,False,0.8125472411186697,0.894393741851369
V_HELICOPTER_043267_242_png.rf.f4bf70aae6a76710078785ff78774d22.jpg,2.0,"(188, 293, 298, 388)",2.0,"[194, 296, 295, 387]",0.8733561038970947,False,False,False,0.8806306306306306,0.9358993941245354
V_HELICOPTER_044268_036_png.rf.c6f54502a40bac88dc55fdc5cd4259ce.jpg,2.0,"(226, 218, 425, 427)",2.0,"[224, 219, 425, 428]",0.8787174224853516,False,False,False,0.980760206475833,0.9902392344497608
V_HELICOPTER_044268_305_png.rf.490029cb42dbac52ab7a4df1e2ab6103.jpg,2.0,"(258, 230, 449, 390)",2.0,"[255, 228, 453, 391]",0.9109513163566589,False,False,False,0.9471748988846672,0.9727217748352802
V_HELICOPTER_045269_196_png.rf.8d43e0975262e48353f5c3d53e1ec38e.jpg,2.0,"(311, 204, 370, 277)",2.0,"[309, 200, 379, 279]",0.8420567512512207,False,False,False,0.7816901408450704,0.8756734776862864
V_HELICOPTER_045269_301_png.rf.8a9f5bf6527df0fed9b6db0237b33f56.jpg,2.0,"(308, 244, 367, 339)",2.0,"[303, 246, 371, 341]",0.8053845763206482,False,False,False,0.8362989323843416,0.9095731454620803
V_HELICOPTER_045269_306_png.rf.dfe51450909cfff53bebf47d71c5751d.jpg,2.0,"(302, 245, 361, 340)",,,0.0,False,False,True,0.0,0.0
V_HELICOPTER_046270_014_png.rf.920102bc14e67828b2e443e173e73424.jpg,2.0,"(376, 316, 411, 354)",,,0.0,False,False,True,0.0,0.0
V_HELICOPTER_046270_135_png.rf.83ab5d4a5a96c1432992605c733cc8fa.jpg,2.0,"(361, 302, 397, 343)",2.0,"[353, 298, 404, 347]",0.844013512134552,False,False,False,0.5976923076923077,0.7426415094339622
V_HELICOPTER_047271_021_png.rf.fcc61271d08a8f4bfe50b1c09d7f0382.jpg,2.0,"(311, 281, 380, 347)",2.0,"[311, 280, 380, 346]",0.8450334072113037,False,False,False,0.9705882352941176,0.9848484848484849
V_HELICOPTER_047271_070_png.rf.9bd56e5d283a8fbb799a608f56c0a023.jpg,2.0,"(321, 268, 408, 338)",2.0,"[322, 266, 407, 339]",0.8724086880683899,False,False,False,0.9385182908084845,0.9678731191541277
V_HELICOPTER_047271_116_png.rf.33854259424d40b762188df149f56e19.jpg,2.0,"(325, 272, 411, 349)",2.0,"[321, 276, 412, 351]",0.8505903482437134,False,False,False,0.8771117166212534,0.9337398676284673
V_HELICOPTER_048272_067_png.rf.b8f9d152192f079f1ee840339358a63a.jpg,2.0,"(233, 244, 351, 340)",2.0,"[231, 240, 352, 339]",0.8815804123878479,False,False,False,0.9273479990258949,0.9619427639764877
V_HELICOPTER_048272_094_png.rf.3c7ac5a7fbd6d302a4b072d078ad96e1.jpg,2.0,"(227, 246, 360, 349)",2.0,"[231, 245, 356, 349]",0.88111412525177,False,False,False,0.9318731332669606,0.9644555975879247
V_HELICOPTER_049273_203_png.rf.2c8a97f5899040b5406505c77d637c27.jpg,2.0,"(170, 249, 397, 417)",2.0,"[166, 248, 397, 421]",0.9100779294967651,False,False,False,0.9545184304399524,0.976606614681366
V_HELICOPTER_050274_249_png.rf.c95e5b0eebd49f174cb3577a94d0dbdb.jpg,2.0,"(309, 165, 423, 276)",2.0,"[304, 165, 424, 282]",0.8709847331047058,False,False,False,0.9020871270486063,0.9480782198246797
V_HELICOPTER_051275_034_png.rf.c494b987654fff9a76b166a6a79a44e0.jpg,2.0,"(298, 289, 402, 407)",2.0,"[298, 288, 407, 409]",0.850753664970398,False,False,False,0.9310730253353204,0.9639841325949491
V_HELICOPTER_051275_110_png.rf.70dcd8ff4619a2c6a6bcb1f093207d49.jpg,2.0,"(298, 254, 379, 346)",2.0,"[294, 250, 382, 345]",0.8477448225021362,False,False,False,0.8745652677950383,0.9323298760435113
V_HELICOPTER_052276_264_png.rf.0f2985fb9c6b4eed91a60cc32dffde3c.jpg,2.0,"(258, 222, 326, 308)",2.0,"[253, 221, 324, 311]",0.8040417432785034,False,False,False,0.8666369313113291,0.9276025494361824
V_HELICOPTER_053277_009_png.rf.5a5220c9592716d6b50a34b2348f3db6.jpg,2.0,"(248, 221, 330, 328)",2.0,"[252, 227, 332, 330]",0.809650182723999,False,False,False,0.8636655948553055,0.9260608910309157
V_HELICOPTER_054278_238_png.rf.a45358f4d953491547e5dca620fe7f1e.jpg,2.0,"(196, 408, 259, 466)",2.0,"[197, 407, 259, 467]",0.8424238562583923,False,False,False,0.9525884161968221,0.9753186872796311
V_HELICOPTER_055279_114_png.rf.94dbbebe1927a6099e8a4dd886427ce2.jpg,2.0,"(295, 219, 324, 244)",2.0,"[295, 218, 324, 244]",0.8329356908798218,False,False,False,0.9629629629629629,0.9803921568627451
V_HELICOPTER_056280_207_png.rf.979bc5d6a3b67f8fe152c3dbeb437cec.jpg,2.0,"(293, 290, 420, 414)",2.0,"[288, 289, 421, 425]",0.8714345693588257,False,False,False,0.871554635581218,0.9308428892304055
V_HELICOPTER_056280_208_png.rf.3f10af502284928fc8e369d6ed9b07e6.jpg,2.0,"(294, 290, 420, 414)",2.0,"[289, 291, 424, 424]",0.8715339303016663,False,False,False,0.8581548689444717,0.9230769230769231
V_HELICOPTER_056280_223_png.rf.f540ccbe03191e3ec912bab2134eca2a.jpg,2.0,"(299, 269, 440, 425)",2.0,"[301, 279, 438, 420]",0.8841453194618225,False,False,False,0.8789808917197452,0.9351535836177475
V_HELICOPTER_056280_253_png.rf.48d5ad71edafb1cff4138b42f429717e.jpg,2.0,"(315, 257, 463, 418)",2.0,"[312, 257, 467, 417]",0.884817898273468,False,False,False,0.949495349297447,0.9739244879493296
V_HELICOPTER_057281_145_png.rf.3e7cdb6b3cd22f7d1eebd9a9db2cdb3c.jpg,2.0,"(357, 410, 389, 445)",2.0,"[357, 411, 389, 445]",0.7881432175636292,False,False,False,0.9722222222222222,0.9855072463768116
V_HELICOPTER_058282_020_png.rf.0460d2a0fc1adad1560b8b881a5cc767.jpg,2.0,"(380, 404, 419, 450)",,,0.0,False,False,True,0.0,0.0
V_HELICOPTER_058282_116_png.rf.23f41a3cf5cdbb4bba611792f5667f95.jpg,2.0,"(396, 408, 430, 449)",,,0.0,False,False,True,0.0,0.0
V_HELICOPTER_060284_015_png.rf.b4a26b8799d781802b55d059312b2cbe.jpg,2.0,"(403, 250, 433, 288)",2.0,"[404, 250, 431, 287]",0.7741279602050781,False,False,False,0.880066170388751,0.9340813464235624
V_HELICOPTER_061285_088_png.rf.48bb95c24b1ea796e613b31b4e0fb1f6.jpg,2.0,"(340, 429, 379, 470)",2.0,"[338, 429, 378, 471]",0.8326701521873474,False,False,False,0.9074792243767313,0.9502897224763648
V_HELICOPTER_061285_250_png.rf.466ebb9d9d2db04cfc5373ec96567e1c.jpg,2.0,"(157, 417, 193, 445)",2.0,"[155, 415, 190, 445]",0.8116276264190674,False,False,False,0.8196176226101413,0.8979591836734694
